Year,H,surfaceT,Z
-122850,,-11.0477,-230.0
-122800,,-10.9861,-230.0
-122750,,-11.0414,-230.0
-122700,,-11.0897,-230.0
-122650,,-11.0701,-230.0
-122600,,-11.054,-230.0
-122550,,-11.0253,-230.0
-122500,,-10.9504,-230.0
-122450,,-10.8986,-230.0
-122400,,-10.8797,-230.0
-122350,,-10.8797,-230.0
-122300,,-10.8923,-230.0
-122250,,-10.8888,-230.0
-122200,,-10.8279,-230.0
-122150,,-10.8118,-230.0
-122100,,-10.8468,-230.0
-122050,,-10.8699,-230.0
-122000,,-10.9056,-230.0
-121950,,-10.9217,-230.0
-121900,,-10.9147,-230.0
-121850,,-10.9343,-230.0
-121800,,-10.97,-230.0
-121750,,-10.9315,-230.0
-121700,,-10.9217,-230.0
-121650,,-10.9406,-230.0
-121600,,-11.0092,-230.0
-121550,,-11.1709,-230.0
-121500,,-11.187,-230.0
-121450,,-11.0932,-230.0
-121400,,-11.096,-230.0
-121350,,-11.1191,-230.0
-121300,,-11.1674,-230.0
-121250,,-11.2066,-230.0
-121200,,-11.3004,-230.0
-121150,,-11.4719,-230.0
-121100,,-11.5363,-230.0
-121050,,-11.5461,-230.0
-121000,,-11.5622,-230.0
-120950,,-11.6658,-230.0
-120900,,-11.7533,-230.0
-120850,,-11.7113,-230.0
-120800,,-11.7596,-230.0
-120750,,-11.8926,-230.0
-120700,,-11.9633,-230.0
-120650,,-12.0382,-230.0
-120600,,-12.0928,-230.0
-120550,,-12.1383,-230.0
-120500,,-12.1866,-230.0
-120450,,-12.1775,-230.0
-120400,,-12.2195,-230.0
-120350,,-12.3231,-230.0
-120300,,-12.2713,-230.0
-120250,,-12.2062,-230.0
-120200,,-12.2713,-230.0
-120150,,-12.3714,-230.0
-120100,,-12.4652,-230.0
-120050,,-12.4715,-230.0
-120000,,-12.5366,-230.0
-119950,,-12.5982,-230.0
-119900,,-12.4911,-230.0
-119850,,-12.475,-230.0
-119800,,-12.692,-230.0
-119750,,-12.8894,-230.0
-119700,,-12.9216,-230.0
-119650,,-12.9734,-230.0
-119600,,-13.0217,-230.0
-119550,,-13.0378,-230.0
-119500,,-13.1029,-230.0
-119450,,-13.1512,-230.0
-119400,,-13.4396,-230.0
-119350,,-13.7077,-230.0
-119300,,-13.5978,-230.0
-119250,,-13.6853,-230.0
-119200,,-13.889,-230.0
-119150,,-13.9023,-230.0
-119100,,-13.8505,-230.0
-119050,,-13.7567,-230.0
-119000,,-13.8792,-230.0
-118950,,-14.1412,-230.0
-118900,,-14.1728,-230.0
-118850,,-14.0462,-230.0
-118800,,-14.0484,-230.0
-118750,,-14.1647,-230.0
-118700,,-14.1186,-230.0
-118650,,-14.0466,-230.0
-118600,,-13.9656,-231.0
-118550,,-13.9845,-231.0
-118500,,-14.2003,-231.0
-118450,,-14.3166,-231.0
-118400,,-14.3776,-231.0
-118350,,-14.4414,-231.0
-118300,,-14.473,-231.0
-118250,,-14.4304,-231.0
-118200,,-14.3493,-231.0
-118150,,-14.332,-231.0
-118100,,-14.2964,-231.0
-118050,,-14.2048,-231.0
-118000,,-14.1237,-231.0
-117950,,-14.1133,-231.0
-117900,,-14.2422,-231.0
-117850,,-14.3382,-231.0
-117800,,-14.3831,-231.0
-117750,,-14.3924,-231.0
-117700,,-14.2427,-231.0
-117650,,-14.2484,-231.0
-117600,,-14.4585,-231.0
-117550,,-14.5909,-231.0
-117500,,-14.6582,-231.0
-117450,,-14.6602,-231.0
-117400,,-14.5915,-231.0
-117350,,-14.5424,-231.0
-117300,,-14.5094,-231.0
-117250,,-14.5149,-231.0
-117200,,-14.5686,-231.0
-117150,,-14.5748,-231.0
-117100,,-14.5866,-231.0
-117050,,-14.6537,-231.0
-117000,,-14.7439,-231.0
-116950,,-14.7879,-231.0
-116900,,-14.6968,-231.0
-116850,,-14.5566,-231.0
-116800,,-14.5656,-231.0
-116750,,-14.73,-231.0
-116700,,-14.6935,-231.0
-116650,,-14.4918,-231.0
-116600,,-14.6176,-231.0
-116550,,-14.7687,-232.0
-116500,,-14.7518,-232.0
-116450,,-14.7895,-232.0
-116400,,-14.6984,-232.0
-116350,,-14.594,-232.0
-116300,,-14.7325,-232.0
-116250,,-14.8933,-232.0
-116200,,-14.9051,-232.0
-116150,,-14.8882,-232.0
-116100,,-14.9455,-232.0
-116050,,-14.8901,-232.0
-116000,,-14.7465,-232.0
-115950,,-14.8108,-232.0
-115900,,-14.894,-232.0
-115850,,-14.861,-232.0
-115800,,-14.8799,-232.0
-115750,,-14.7167,-232.0
-115700,,-14.6739,-232.0
-115650,,-14.9293,-232.0
-115600,,-14.9188,-232.0
-115550,,-14.6555,-232.0
-115500,,-14.3572,-232.0
-115450,,-14.0261,-232.0
-115400,,-13.7635,-232.0
-115350,,-13.769,-232.0
-115300,,-13.8942,-232.0
-115250,,-13.9522,-232.0
-115200,,-13.9284,-232.0
-115150,,-13.9311,-232.0
-115100,,-14.0402,-232.0
-115050,,-14.0912,-232.0
-115000,,-13.9675,-232.0
-114950,,-13.8406,-232.0
-114900,,-13.9142,-232.0
-114850,,-13.9523,-232.0
-114800,,-13.8803,-232.0
-114750,,-13.9345,-232.0
-114700,,-14.0082,-232.0
-114650,,-13.9945,-232.0
-114600,,-13.9549,-232.0
-114550,,-13.9832,-232.0
-114500,,-13.9501,-232.0
-114450,,-13.9358,-232.0
-114400,,-14.0316,-233.0
-114350,,-14.04,-233.0
-114300,,-13.9545,-233.0
-114250,,-13.9208,-233.0
-114200,,-14.0684,-233.0
-114150,,-14.1577,-233.0
-114100,,-13.9234,-233.0
-114050,,-13.8735,-233.0
-114000,,-14.0276,-233.0
-113950,,-13.9324,-233.0
-113900,,-13.9537,-233.0
-113850,,-13.9686,-233.0
-113800,,-13.9382,-233.0
-113750,,-13.9854,-233.0
-113700,,-14.0974,-233.0
-113650,,-14.1931,-233.0
-113600,,-14.2889,-233.0
-113550,,-14.362,-233.0
-113500,,-14.0792,-233.0
-113450,,-13.8999,-233.0
-113400,,-13.9892,-233.0
-113350,,-13.9879,-233.0
-113300,,-13.9024,-233.0
-113250,,-13.8299,-233.0
-113200,,-13.8513,-233.0
-113150,,-14.0927,-233.0
-113100,,-14.2079,-233.0
-113050,,-14.0901,-233.0
-113000,,-14.0402,-233.0
-112950,,-14.0091,-233.0
-112900,,-13.9781,-233.0
-112850,,-14.0149,-233.0
-112800,,-14.0227,-233.0
-112750,,-14.024,-233.0
-112700,,-14.0318,-233.0
-112650,,-14.0978,-233.0
-112600,,-14.2318,-233.0
-112550,,-14.3948,-233.0
-112500,,-14.4317,-233.0
-112450,,-14.3586,-233.0
-112400,,-14.3372,-233.0
-112350,,-14.3353,-233.0
-112300,,-14.4855,-233.0
-112250,,-14.4802,-233.0
-112200,,-14.3036,-233.0
-112150,,-14.4666,-233.0
-112100,,-14.8272,-233.0
-112050,,-15.0194,-233.0
-112000,,-15.0595,-233.0
-111950,,-14.9993,-233.0
-111900,,-15.0103,-233.0
-111850,,-14.9987,-233.0
-111800,,-14.754,-233.0
-111750,,-14.7164,-233.0
-111700,,-14.9443,-233.0
-111650,,-15.0815,-233.0
-111600,,-15.2446,-233.0
-111550,,-15.4983,-234.0
-111500,,-15.6291,-234.0
-111450,,-15.4861,-234.0
-111400,,-15.45,-234.0
-111350,,-15.5531,-234.0
-111300,,-15.4879,-234.0
-111250,,-15.4291,-234.0
-111200,,-15.037,-234.0
-111150,,-14.5931,-234.0
-111100,,-14.5699,-234.0
-111050,,-14.5565,-234.0
-111000,,-14.7857,-234.0
-110950,,-15.3677,-234.0
-110900,,-15.9303,-234.0
-110850,,-16.3311,-234.0
-110800,,-16.4697,-234.0
-110750,,-16.4498,-234.0
-110700,,-16.5528,-234.0
-110650,,-16.6591,-234.0
-110600,,-16.6651,-234.0
-110550,,-16.7552,-234.0
-110500,,-16.8712,-234.0
-110450,,-16.7639,-234.0
-110400,,-16.6048,-235.0
-110350,,-16.546,-235.0
-110300,,-16.5099,-235.0
-110250,,-16.4996,-235.0
-110200,,-16.3438,-235.0
-110150,,-16.298,-235.0
-110100,,-16.4819,-235.0
-110050,,-16.53,-235.0
-110000,,-16.4938,-235.0
-109950,,-16.5165,-235.0
-109900,,-16.5521,-235.0
-109850,,-16.578,-235.0
-109800,,-16.6784,-235.0
-109750,,-16.7075,-235.0
-109700,,-16.5586,-235.0
-109650,,-16.3677,-235.0
-109600,,-16.2318,-236.0
-109550,,-16.1703,-236.0
-109500,,-16.2222,-236.0
-109450,,-16.3451,-236.0
-109400,,-16.439,-236.0
-109350,,-16.4779,-236.0
-109300,,-16.4358,-236.0
-109250,,-16.1995,-236.0
-109200,,-16.0539,-236.0
-109150,,-16.1672,-236.0
-109100,,-16.3193,-236.0
-109050,,-16.355,-236.0
-109000,,-16.2385,-237.0
-108950,,-16.0896,-237.0
-108900,,-16.1641,-237.0
-108850,,-16.4165,-237.0
-108800,,-16.2676,-237.0
-108750,,-15.711,-237.0
-108700,,-14.7822,-237.0
-108650,,-13.8049,-237.0
-108600,,-13.3939,-237.0
-108550,,-13.4392,-237.0
-108500,,-13.5331,-237.0
-108450,,-13.5599,-238.0
-108400,,-13.742,-238.0
-108350,,-13.9177,-238.0
-108300,,-13.9283,-238.0
-108250,,-13.8547,-238.0
-108200,,-13.8524,-238.0
-108150,,-14.0442,-238.0
-108100,,-14.1002,-238.0
-108050,,-14.0266,-239.0
-108000,,-14.1311,-239.0
-107950,,-14.132,-239.0
-107900,,-14.1038,-239.0
-107850,,-14.2341,-239.0
-107800,,-14.1897,-239.0
-107750,,-14.0806,-239.0
-107700,,-13.9747,-239.0
-107650,,-13.9853,-240.0
-107600,,-14.1318,-240.0
-107550,,-14.1263,-240.0
-107500,,-14.0495,-240.0
-107450,,-14.031,-240.0
-107400,,-14.4396,-240.0
-107350,,-15.2528,-241.0
-107300,,-15.3832,-241.0
-107250,,-14.3485,-241.0
-107200,,-13.5435,-241.0
-107150,,-13.6512,-241.0
-107100,,-13.869,-241.0
-107050,,-13.9864,-242.0
-107000,,-13.929,-242.0
-106950,,-13.8943,-242.0
-106900,,-13.9761,-242.0
-106850,,-14.3168,-242.0
-106800,,-14.6575,-242.0
-106750,,-14.3606,-243.0
-106700,,-14.054,-243.0
-106650,,-14.1002,-243.0
-106600,,-14.1237,-243.0
-106550,,-14.0728,-243.0
-106500,,-13.941,-244.0
-106450,,-13.874,-244.0
-106400,,-14.0431,-244.0
-106350,,-14.1378,-244.0
-106300,,-14.0578,-245.0
-106250,,-14.1266,-245.0
-106200,,-14.2764,-245.0
-106150,,-14.3517,-245.0
-106100,,-14.495,-246.0
-106050,,-15.0849,-246.0
-106000,,-15.5356,-246.0
-105950,,-15.5332,-246.0
-105900,,-15.4726,-247.0
-105850,,-15.3796,-247.0
-105800,,-15.5358,-247.0
-105750,,-15.7697,-247.0
-105700,,-15.6735,-248.0
-105650,,-15.4834,-248.0
-105600,,-15.5587,-248.0
-105550,,-15.6923,-248.0
-105500,,-15.7061,-249.0
-105450,,-15.6614,-249.0
-105400,,-15.6716,-249.0
-105350,,-15.6947,-250.0
-105300,,-15.5788,-250.0
-105250,,-15.4757,-250.0
-105200,,-15.0167,-251.0
-105150,,-14.0625,-251.0
-105100,,-13.8203,-251.0
-105050,,-14.6785,-252.0
-105000,,-15.3295,-252.0
-104950,,-15.453,-252.0
-104900,,-15.4859,-253.0
-104850,,-15.4346,-253.0
-104800,,-15.2183,-253.0
-104750,,-14.6233,-254.0
-104700,,-13.9734,-254.0
-104650,,-13.7733,-254.0
-104600,,-13.7673,-255.0
-104550,,-13.5704,-255.0
-104500,,-13.6001,-256.0
-104450,,-13.6136,-256.0
-104400,,-13.5817,-256.0
-104350,,-13.7084,-257.0
-104300,,-13.6734,-257.0
-104250,,-13.6771,-258.0
-104200,,-13.7909,-258.0
-104150,,-13.7947,-258.0
-104100,,-13.7952,-259.0
-104050,,-13.7698,-259.0
-104000,,-13.6991,-260.0
-103950,,-13.6774,-260.0
-103900,,-13.7333,-261.0
-103850,,-13.6565,-261.0
-103800,,-13.3338,-262.0
-103750,,-13.4674,-262.0
-103700,,-13.8372,-263.0
-103650,,-13.8705,-263.0
-103600,,-13.6707,-264.0
-103550,,-13.4678,-264.0
-103500,,-13.5107,-265.0
-103450,,-13.6411,-265.0
-103400,,-13.7035,-266.0
-103350,,-13.9051,-266.0
-103300,,-13.9383,-267.0
-103250,,-13.6577,-267.0
-103200,,-13.6812,-268.0
-103150,,-13.831,-268.0
-103100,,-13.819,-269.0
-103050,,-13.8393,-269.0
-103000,,-13.8434,-270.0
-102950,,-13.8443,-270.0
-102900,,-13.8743,-271.0
-102850,,-13.9011,-272.0
-102800,,-13.9182,-272.0
-102750,,-13.8576,-273.0
-102700,,-13.8553,-273.0
-102650,,-13.9015,-274.0
-102600,,-13.9348,-275.0
-102550,,-13.9777,-275.0
-102500,,-13.9463,-276.0
-102450,,-13.8881,-277.0
-102400,,-13.9593,-277.0
-102350,,-14.1147,-278.0
-102300,,-14.1277,-279.0
-102250,,-14.1115,-279.0
-102200,,-14.1892,-280.0
-102150,,-14.2087,-281.0
-102100,,-14.1796,-281.0
-102050,,-14.1602,-282.0
-102000,,-14.1474,-283.0
-101950,,-14.2186,-284.0
-101900,17.5596,-14.3255,-284.0
-101850,72.2221,-14.2543,-285.0
-101800,132.024,-14.0052,-286.0
-101750,185.28,-14.002,-286.0
-101700,277.183,-14.149,-287.0
-101650,319.702,-14.3105,-288.0
-101600,341.627,-14.5203,-289.0
-101550,356.896,-14.6154,-289.0
-101500,371.646,-14.6664,-290.0
-101450,389.03,-14.7442,-291.0
-101400,401.986,-14.901,-292.0
-101350,416.389,-15.067,-292.0
-101300,428.295,-14.9735,-293.0
-101250,437.897,-15.0745,-294.0
-101200,464.009,-15.2463,-295.0
-101150,481.971,-15.1549,-295.0
-101100,496.697,-15.225,-296.0
-101050,509.577,-15.4073,-297.0
-101000,529.614,-15.4992,-298.0
-100950,547.409,-15.5527,-299.0
-100900,560.958,-15.55,-299.0
-100850,571.602,-15.4998,-300.0
-100800,580.314,-15.571,-301.0
-100750,591.165,-15.6996,-302.0
-100700,603.497,-15.7339,-302.0
-100650,614.408,-15.6265,-303.0
-100600,624.924,-15.5724,-304.0
-100550,640.823,-15.6148,-305.0
-100500,655.64,-15.6852,-306.0
-100450,668.108,-15.7686,-307.0
-100400,684.051,-15.9147,-307.0
-100350,697.702,-16.0029,-308.0
-100300,709.638,-15.9611,-309.0
-100250,723.994,-16.091,-310.0
-100200,736.576,-16.2039,-311.0
-100150,749.953,-16.197,-311.0
-100100,765.266,-16.3761,-312.0
-100050,778.705,-16.5605,-313.0
-100000,794.109,-16.5975,-314.0
-99950,809.246,-16.5202,-315.0
-99900,823.62,-16.5012,-316.0
-99850,841.076,-16.7279,-316.0
-99800,853.68,-16.9282,-317.0
-99750,875.549,-17.0628,-318.0
-99700,894.679,-17.0989,-319.0
-99650,910.477,-17.0598,-320.0
-99600,925.745,-17.2159,-321.0
-99550,941.566,-17.4617,-322.0
-99500,957.029,-17.3176,-322.0
-99450,972.81,-17.2719,-323.0
-99400,989.179,-17.3483,-324.0
-99350,1005.42,-17.1168,-325.0
-99300,1022.52,-17.1121,-326.0
-99250,1039.84,-17.3542,-327.0
-99200,1057.7,-17.5499,-328.0
-99150,1074.57,-17.7093,-329.0
-99100,1093.35,-17.7988,-330.0
-99050,1113.72,-17.8171,-330.0
-99000,1132.29,-17.9672,-331.0
-98950,1149.98,-18.1168,-332.0
-98900,1167.87,-18.2479,-333.0
-98850,1185.65,-18.4109,-334.0
-98800,1203.09,-18.566,-335.0
-98750,1220.4,-18.5944,-336.0
-98700,1237.16,-18.546,-337.0
-98650,1254.14,-18.6377,-338.0
-98600,1271.16,-18.6745,-339.0
-98550,1288.19,-18.7437,-340.0
-98500,1305.25,-18.8907,-341.0
-98450,1321.79,-18.9255,-341.0
-98400,1338.19,-18.9501,-342.0
-98350,1355.84,-19.0768,-343.0
-98300,1373.38,-19.1771,-344.0
-98250,1390.43,-19.2075,-345.0
-98200,1407.08,-19.1618,-346.0
-98150,1423.71,-19.3037,-347.0
-98100,1440.24,-19.6523,-348.0
-98050,1455.99,-19.4475,-349.0
-98000,1471.32,-19.1245,-350.0
-97950,1486.56,-19.2153,-351.0
-97900,1501.73,-19.4062,-352.0
-97850,1516.63,-19.57,-353.0
-97800,1531.93,-19.6189,-354.0
-97750,1547.62,-19.7374,-355.0
-97700,1562.85,-19.8217,-356.0
-97650,1577.72,-19.9109,-357.0
-97600,1592.29,-20.0539,-358.0
-97550,1606.82,-20.1611,-359.0
-97500,1621.38,-20.2911,-360.0
-97450,1635.68,-20.3779,-361.0
-97400,1649.6,-20.392,-362.0
-97350,1663.51,-20.3283,-363.0
-97300,1677.11,-20.1598,-364.0
-97250,1690.79,-20.4156,-365.0
-97200,1704.59,-20.866,-366.0
-97150,1718.02,-20.8747,-367.0
-97100,1731.1,-20.772,-368.0
-97050,1743.58,-20.5989,-369.0
-97000,1755.6,-20.4465,-370.0
-96950,1767.04,-20.4826,-371.0
-96900,1779.5,-20.5068,-372.0
-96850,1792.12,-20.6028,-373.0
-96800,1804.77,-20.728,-374.0
-96750,1817.27,-20.8753,-375.0
-96700,1829.74,-21.1032,-376.0
-96650,1841.93,-21.0842,-377.0
-96600,1853.78,-20.9633,-379.0
-96550,1865.51,-21.0815,-380.0
-96500,1877.18,-21.2836,-381.0
-96450,1888.68,-21.3296,-382.0
-96400,1900.17,-21.272,-383.0
-96350,1911.21,-21.3226,-384.0
-96300,1921.61,-21.3543,-385.0
-96250,1932.77,-21.3698,-386.0
-96200,1943.16,-21.4436,-387.0
-96150,1953.38,-21.4746,-388.0
-96100,1964.1,-21.6662,-389.0
-96050,1974.68,-21.8767,-390.0
-96000,1984.64,-21.9001,-391.0
-95950,1994.44,-21.7514,-392.0
-95900,2003.67,-21.6554,-394.0
-95850,2013.13,-21.8515,-395.0
-95800,2022.71,-22.074,-396.0
-95750,2031.86,-22.0941,-397.0
-95700,2040.77,-21.9643,-398.0
-95650,2049.7,-21.8573,-399.0
-95600,2058.53,-22.0153,-400.0
-95550,2067.53,-22.2839,-401.0
-95500,2075.65,-22.2674,-402.0
-95450,2084.44,-22.2828,-403.0
-95400,2093.14,-22.3949,-404.0
-95350,2101.4,-22.3466,-406.0
-95300,2109.5,-22.3785,-407.0
-95250,2117.61,-22.5626,-408.0
-95200,2125.63,-22.7496,-409.0
-95150,2133.72,-22.8688,-410.0
-95100,2141.49,-22.8121,-411.0
-95050,2149.07,-22.693,-412.0
-95000,2156.2,-22.7113,-413.0
-94950,2163.5,-22.7755,-414.0
-94900,2170.72,-22.8426,-415.0
-94850,2178.06,-22.8165,-416.0
-94800,2184.82,-22.5937,-418.0
-94750,2191.84,-22.5015,-419.0
-94700,2198.82,-22.6291,-420.0
-94650,2205.86,-22.8056,-421.0
-94600,2212.94,-22.8625,-422.0
-94550,2219.74,-22.7143,-423.0
-94500,2226.56,-22.7442,-424.0
-94450,2233.36,-22.9747,-425.0
-94400,2240.14,-23.1015,-426.0
-94350,2246.87,-23.1538,-427.0
-94300,2253.62,-23.2319,-429.0
-94250,2260.25,-23.2643,-430.0
-94200,2266.77,-23.0535,-431.0
-94150,2273.33,-23.0888,-432.0
-94100,2279.87,-23.2308,-433.0
-94050,2286.31,-23.2009,-434.0
-94000,2292.64,-23.3195,-435.0
-93950,2299.04,-23.3509,-436.0
-93900,2305.27,-23.236,-437.0
-93850,2311.29,-23.1364,-438.0
-93800,2317.43,-23.4353,-440.0
-93750,2323.63,-23.6407,-441.0
-93700,2329.77,-23.5449,-442.0
-93650,2335.81,-23.5781,-443.0
-93600,2341.84,-23.6144,-444.0
-93550,2347.91,-23.6639,-445.0
-93500,2353.95,-23.8363,-446.0
-93450,2359.95,-23.8013,-447.0
-93400,2365.91,-23.5689,-448.0
-93350,2371.94,-23.4887,-449.0
-93300,2377.89,-23.5313,-451.0
-93250,2383.88,-23.6807,-452.0
-93200,2389.92,-23.7042,-453.0
-93150,2395.9,-23.6336,-454.0
-93100,2401.83,-23.4948,-455.0
-93050,2407.84,-23.5473,-456.0
-93000,2413.84,-23.5901,-457.0
-92950,2419.88,-23.6006,-458.0
-92900,2425.93,-23.896,-459.0
-92850,2432.03,-24.0071,-460.0
-92800,2438.09,-23.8527,-462.0
-92750,2444.15,-23.7857,-463.0
-92700,2450.2,-23.7995,-464.0
-92650,2456.22,-23.865,-465.0
-92600,2462.17,-23.9431,-466.0
-92550,2467.94,-23.8749,-467.0
-92500,2473.5,-23.7184,-468.0
-92450,2478.87,-23.5741,-469.0
-92400,2484.29,-23.689,-470.0
-92350,2489.77,-23.9756,-471.0
-92300,2495.52,-24.205,-472.0
-92250,2501.39,-24.189,-474.0
-92200,2507.33,-24.1053,-475.0
-92150,2513.05,-24.1275,-476.0
-92100,2518.73,-24.1366,-477.0
-92050,2524.52,-24.0944,-478.0
-92000,2530.22,-24.0292,-479.0
-91950,2535.57,-24.0823,-480.0
-91900,2541.12,-23.942,-481.0
-91850,2546.86,-23.8996,-482.0
-91800,2552.4,-24.0441,-483.0
-91750,2557.99,-24.0334,-484.0
-91700,2563.61,-24.0196,-486.0
-91650,2569.4,-23.9613,-487.0
-91600,2574.87,-24.0343,-488.0
-91550,2580.3,-24.2172,-489.0
-91500,2585.99,-24.2944,-490.0
-91450,2591.71,-24.2487,-491.0
-91400,2597.18,-24.1858,-492.0
-91350,2602.81,-24.2142,-493.0
-91300,2608.3,-24.2646,-494.0
-91250,2613.44,-24.2069,-495.0
-91200,2618.79,-24.1792,-496.0
-91150,2624.4,-24.2819,-497.0
-91100,2630.16,-24.4565,-498.0
-91050,2635.9,-24.5469,-499.0
-91000,2641.79,-24.5829,-500.0
-90950,2647.78,-24.6095,-502.0
-90900,2653.72,-24.5907,-503.0
-90850,2659.61,-24.727,-504.0
-90800,2665.46,-24.7628,-505.0
-90750,2671.35,-24.2034,-506.0
-90700,2677.34,-23.5925,-507.0
-90650,2683.02,-23.5273,-508.0
-90600,2687.99,-23.7117,-509.0
-90550,2692.48,-24.03,-510.0
-90500,2697.43,-23.9327,-511.0
-90450,2702.72,-23.5909,-512.0
-90400,2707.86,-23.4588,-513.0
-90350,2713.14,-23.3888,-514.0
-90300,2718.55,-23.5102,-515.0
-90250,2723.94,-23.5637,-516.0
-90200,2728.61,-23.6368,-517.0
-90150,2732.22,-23.6797,-518.0
-90100,2735.72,-23.5992,-519.0
-90050,2738.6,-23.7719,-520.0
-90000,2741.47,-24.0124,-521.0
-89950,2745.68,-23.9317,-522.0
-89900,2749.4,-23.8974,-523.0
-89850,2750.84,-23.9931,-524.0
-89800,2752.79,-23.9549,-525.0
-89750,2756.74,-23.912,-526.0
-89700,2761.06,-24.0939,-527.0
-89650,2763.59,-24.4205,-528.0
-89600,2767.29,-24.6906,-529.0
-89550,2771.45,-24.7489,-530.0
-89500,2774.83,-24.5451,-531.0
-89450,2777.19,-24.3761,-532.0
-89400,2779.56,-24.2329,-533.0
-89350,2783.11,-24.1271,-534.0
-89300,2784.37,-24.2189,-535.0
-89250,2785.35,-24.3517,-536.0
-89200,2786.55,-24.479,-537.0
-89150,2789.12,-24.4436,-538.0
-89100,2790.47,-24.2479,-539.0
-89050,2791.51,-24.3001,-540.0
-89000,2792.8,-24.4958,-541.0
-88950,2794.57,-24.7647,-542.0
-88900,2795.97,-24.7441,-543.0
-88850,2796.83,-24.4624,-544.0
-88800,2798.73,-24.5248,-544.0
-88750,2800.65,-24.7782,-545.0
-88700,2801.58,-24.9984,-546.0
-88650,2804.64,-25.2696,-547.0
-88600,2807.51,-25.4687,-548.0
-88550,2809.04,-25.3096,-549.0
-88500,2812.32,-24.8374,-550.0
-88450,2815.19,-24.8035,-551.0
-88400,2815.91,-25.2464,-551.0
-88350,2818.23,-25.6796,-552.0
-88300,2821.39,-26.0516,-553.0
-88250,2825.14,-26.274,-554.0
-88200,2828.69,-26.3337,-555.0
-88150,2832.43,-26.2486,-556.0
-88100,2835.88,-26.2755,-556.0
-88050,2838.05,-26.3005,-557.0
-88000,2839.41,-26.2122,-558.0
-87950,2839.92,-26.2886,-559.0
-87900,2839.96,-26.4571,-560.0
-87850,2839.96,-26.496,-560.0
-87800,2839.98,-26.4669,-561.0
-87750,2840.11,-26.2637,-562.0
-87700,2840.22,-26.0345,-563.0
-87650,2840.25,-25.9701,-563.0
-87600,2840.32,-25.9738,-564.0
-87550,2840.42,-26.0197,-565.0
-87500,2840.55,-26.0529,-566.0
-87450,2840.55,-26.3024,-566.0
-87400,2840.55,-26.3998,-567.0
-87350,2840.56,-26.1963,-568.0
-87300,2840.57,-26.0446,-568.0
-87250,2840.59,-25.8671,-569.0
-87200,2840.66,-25.7578,-570.0
-87150,2840.79,-25.8656,-570.0
-87100,2840.98,-26.0772,-571.0
-87050,2841.26,-26.1501,-572.0
-87000,2841.57,-26.0677,-572.0
-86950,2842.29,-26.0194,-573.0
-86900,2844.38,-25.9282,-574.0
-86850,2847.91,-25.5161,-574.0
-86800,2722.68,-24.9198,-575.0
-86750,2712.6,-25.0998,-575.0
-86700,2706.48,-25.0437,-576.0
-86650,2701.65,-25.3036,-576.0
-86600,2694.87,-25.559,-577.0
-86550,2687.98,-25.3123,-577.0
-86500,2680.38,-25.2666,-578.0
-86450,2673.94,-25.3908,-578.0
-86400,2667.15,-25.3097,-578.0
-86350,2661.49,-25.3499,-579.0
-86300,2656.34,-25.2368,-579.0
-86250,2654.5,-25.0759,-579.0
-86200,2654.48,-25.1424,-580.0
-86150,2651.67,-24.9873,-580.0
-86100,2647.0,-24.6498,-580.0
-86050,2644.71,-24.5649,-580.0
-86000,2644.69,-24.7514,-581.0
-85950,2638.83,-24.9658,-581.0
-85900,2627.92,-24.6032,-581.0
-85850,2621.17,-24.1332,-581.0
-85800,2620.09,-24.1499,-582.0
-85750,2619.6,-23.703,-582.0
-85700,2619.38,-23.3412,-582.0
-85650,2619.84,-23.8853,-582.0
-85600,2620.98,-24.344,-583.0
-85550,2621.46,-24.4141,-583.0
-85500,2621.71,-23.822,-583.0
-85450,2618.89,-22.6633,-583.0
-85400,2615.07,-21.9735,-583.0
-85350,2611.0,-21.7789,-584.0
-85300,2606.26,-21.8029,-584.0
-85250,2601.13,-21.9085,-584.0
-85200,2597.04,-21.868,-584.0
-85150,2592.25,-21.9214,-584.0
-85100,2585.83,-22.2123,-585.0
-85050,2579.28,-22.2992,-585.0
-85000,2573.73,-22.1894,-585.0
-84950,2568.1,-22.0665,-585.0
-84900,2561.27,-22.0304,-585.0
-84850,2554.9,-21.9681,-585.0
-84800,2549.03,-21.7884,-585.0
-84750,2542.91,-21.7069,-586.0
-84700,2536.27,-21.7251,-586.0
-84650,2528.43,-21.8477,-586.0
-84600,2520.67,-21.9757,-586.0
-84550,2513.59,-21.9565,-586.0
-84500,2506.19,-21.7708,-586.0
-84450,2497.53,-21.6613,-586.0
-84400,2488.47,-21.4409,-586.0
-84350,2480.28,-21.3284,-586.0
-84300,2473.55,-21.3312,-586.0
-84250,2466.77,-21.3313,-586.0
-84200,2458.77,-21.5273,-586.0
-84150,2450.99,-21.6454,-586.0
-84100,2444.0,-21.6116,-586.0
-84050,2269.5,-20.9178,-586.0
-84000,2211.17,-20.6651,-586.0
-83950,2197.8,-20.5511,-585.0
-83900,2183.07,-20.4443,-585.0
-83850,2174.41,-20.2276,-584.0
-83800,2160.61,-20.0331,-584.0
-83750,2144.56,-20.0252,-583.0
-83700,2132.1,-20.2736,-583.0
-83650,2121.53,-20.4205,-582.0
-83600,2113.14,-20.3881,-582.0
-83550,2101.93,-20.4587,-581.0
-83500,2085.96,-20.342,-581.0
-83450,2074.59,-20.0686,-580.0
-83400,2058.72,-19.9702,-580.0
-83350,2047.83,-20.0345,-579.0
-83300,2036.7,-20.0114,-579.0
-83250,2024.5,-19.9458,-578.0
-83200,2011.08,-19.9032,-578.0
-83150,1996.81,-19.9232,-577.0
-83100,1984.3,-19.8462,-577.0
-83050,1971.87,-19.8561,-576.0
-83000,1956.99,-19.9931,-575.0
-82950,1940.8,-19.8046,-575.0
-82900,1924.57,-19.5371,-574.0
-82850,1908.42,-19.4123,-574.0
-82800,1891.86,-19.4538,-573.0
-82750,1873.49,-19.4677,-572.0
-82700,1851.22,-19.3769,-572.0
-82650,1827.41,-19.2799,-571.0
-82600,1801.8,-19.0896,-570.0
-82550,1772.76,-18.7736,-569.0
-82500,1737.22,-18.5816,-568.0
-82450,1694.68,-18.5598,-567.0
-82400,1642.88,-18.3787,-565.0
-82350,1568.12,-18.0662,-564.0
-82300,1370.73,-17.3181,-562.0
-82250,1020.17,-16.0526,-560.0
-82200,541.338,-14.1375,-558.0
-82150,,-14.0805,-555.0
-82100,,-14.1242,-553.0
-82050,,-14.1552,-550.0
-82000,,-14.0947,-548.0
-81950,,-14.0927,-545.0
-81900,,-14.1872,-543.0
-81850,,-14.1826,-540.0
-81800,,-14.2365,-537.0
-81750,,-14.2701,-534.0
-81700,,-14.3215,-531.0
-81650,,-14.4008,-528.0
-81600,,-14.2767,-525.0
-81550,,-14.2314,-523.0
-81500,,-14.3285,-520.0
-81450,,-14.4733,-517.0
-81400,,-14.6512,-514.0
-81350,,-14.6612,-511.0
-81300,,-14.5441,-508.0
-81250,,-14.399,-505.0
-81200,,-14.4446,-503.0
-81150,,-14.6657,-500.0
-81100,,-14.7088,-497.0
-81050,,-14.7061,-495.0
-81000,,-14.7772,-492.0
-80950,,-14.6473,-489.0
-80900,,-14.5557,-487.0
-80850,,-14.6496,-484.0
-80800,,-14.7232,-481.0
-80750,,-14.7765,-479.0
-80700,,-14.8424,-476.0
-80650,,-14.8093,-474.0
-80600,,-14.682,-472.0
-80550,,-14.7988,-469.0
-80500,,-14.9817,-467.0
-80450,,-15.0884,-464.0
-80400,,-15.0781,-462.0
-80350,,-14.9686,-460.0
-80300,,-15.0448,-457.0
-80250,,-15.1488,-455.0
-80200,,-15.0979,-453.0
-80150,,-15.1053,-451.0
-80100,,-15.2273,-449.0
-80050,,-15.3187,-446.0
-80000,,-15.3694,-444.0
-79950,,-14.8575,-442.0
-79900,,-14.338,-440.0
-79850,,-14.4593,-438.0
-79800,,-14.6441,-436.0
-79750,,-14.5772,-434.0
-79700,,-14.4696,-432.0
-79650,,-14.5731,-430.0
-79600,,-14.5392,-428.0
-79550,,-14.5512,-426.0
-79500,,-14.647,-424.0
-79450,,-14.8573,-422.0
-79400,,-15.2023,-420.0
-79350,,-15.1405,-418.0
-79300,,-15.0787,-416.0
-79250,,-15.2127,-414.0
-79200,,-15.0873,-412.0
-79150,,-15.0382,-411.0
-79100,,-15.2764,-409.0
-79050,,-15.4562,-407.0
-79000,,-15.4732,-405.0
-78950,,-15.5284,-403.0
-78900,,-15.5556,-402.0
-78850,,-15.3666,-400.0
-78800,,-15.0683,-398.0
-78750,,-14.7599,-397.0
-78700,,-14.5531,-395.0
-78650,,-14.5549,-393.0
-78600,,-14.699,-392.0
-78550,,-15.1483,-390.0
-78500,,-15.7205,-389.0
-78450,,-16.0495,-387.0
-78400,,-16.3476,-385.0
-78350,,-16.5746,-384.0
-78300,,-16.6238,-382.0
-78250,,-16.8014,-381.0
-78200,,-17.097,-379.0
-78150,,-17.4262,-378.0
-78100,,-17.6521,-377.0
-78050,,-17.4948,-375.0
-78000,,-17.1848,-374.0
-77950,,-17.2812,-372.0
-77900,,-17.5313,-371.0
-77850,,-17.5471,-369.0
-77800,,-17.3838,-368.0
-77750,,-17.3402,-367.0
-77700,,-17.5588,-365.0
-77650,,-17.6868,-364.0
-77600,,-17.4749,-363.0
-77550,,-17.6223,-361.0
-77500,,-17.7341,-360.0
-77450,,-17.4251,-359.0
-77400,,-17.3039,-358.0
-77350,,-17.283,-356.0
-77300,,-17.4498,-355.0
-77250,,-17.5389,-354.0
-77200,,-17.0423,-353.0
-77150,,-15.7496,-351.0
-77100,,-14.2562,-350.0
-77050,,-13.7984,-349.0
-77000,,-14.0493,-348.0
-76950,,-14.0489,-347.0
-76900,,-14.1196,-346.0
-76850,,-14.3004,-345.0
-76800,,-14.3388,-343.0
-76750,,-14.471,-342.0
-76700,,-14.6162,-341.0
-76650,,-14.5931,-340.0
-76600,,-14.5085,-339.0
-76550,,-14.6375,-338.0
-76500,,-14.8894,-337.0
-76450,,-14.957,-336.0
-76400,,-14.8756,-335.0
-76350,,-14.7392,-334.0
-76300,,-14.7906,-333.0
-76250,,-14.9293,-332.0
-76200,,-15.0356,-331.0
-76150,,-15.2034,-330.0
-76100,,-15.2354,-329.0
-76050,,-15.2964,-328.0
-76000,,-15.2927,-327.0
-75950,,-15.1434,-326.0
-75900,,-15.2141,-325.0
-75850,,-15.2849,-324.0
-75800,,-15.3459,-323.0
-75750,,-15.3358,-322.0
-75700,,-15.2706,-322.0
-75650,,-15.3866,-321.0
-75600,,-15.4185,-320.0
-75550,,-15.2854,-319.0
-75500,,-15.272,-318.0
-75450,,-15.4882,-317.0
-75400,,-15.6493,-316.0
-75350,,-15.6843,-316.0
-75300,,-15.7937,-315.0
-75250,,-16.081,-314.0
-75200,,-16.1128,-313.0
-75150,,-16.2707,-312.0
-75100,,-16.4416,-312.0
-75050,,-16.0234,-311.0
-75000,,-15.67,-310.0
-74950,,-15.9639,-309.0
-74900,,-16.7205,-309.0
-74850,,-17.3056,-308.0
-74800,,-17.5509,-307.0
-74750,,-18.1102,-306.0
-74700,,-18.6629,-306.0
-74650,,-18.5166,-305.0
-74600,,-18.3606,-304.0
-74550,,-18.4506,-303.0
-74500,,-18.7542,-303.0
-74450,,-18.9283,-302.0
-74400,,-18.7302,-301.0
-74350,,-18.5872,-301.0
-74300,,-18.5444,-300.0
-74250,,-18.6862,-299.0
-74200,,-18.8732,-299.0
-74150,,-19.0376,-298.0
-74100,,-19.0823,-298.0
-74050,,-18.8422,-297.0
-74000,,-18.7315,-296.0
-73950,,-18.8093,-296.0
-73900,,-18.7349,-295.0
-73850,,-18.5797,-294.0
-73800,,-18.7642,-294.0
-73750,,-18.9618,-293.0
-73700,,-18.703,-293.0
-73650,,-18.5736,-292.0
-73600,,-18.8359,-292.0
-73550,,-18.9169,-291.0
-73500,,-18.7552,-291.0
-73450,,-18.765,-290.0
-73400,,-18.8848,-289.0
-73350,,-18.8428,-289.0
-73300,,-18.707,-288.0
-73250,,-18.4159,-288.0
-73200,,-18.2703,-287.0
-73150,,-18.4096,-287.0
-73100,,-18.2155,-286.0
-73050,,-17.0668,-286.0
-73000,,-15.2287,-285.0
-72950,,-14.2094,-285.0
-72900,,-14.2677,-284.0
-72850,,-14.2517,-284.0
-72800,,-14.1741,-283.0
-72750,,-14.404,-283.0
-72700,,-14.5271,-283.0
-72650,,-14.5498,-282.0
-72600,,-14.6438,-282.0
-72550,,-14.7248,-281.0
-72500,,-14.8479,-281.0
-72450,,-14.9604,-280.0
-72400,,-15.0341,-280.0
-72350,,-15.221,-279.0
-72300,,-15.3433,-279.0
-72250,,-15.3004,-279.0
-72200,,-15.2641,-278.0
-72150,,-15.3863,-278.0
-72100,,-15.5797,-277.0
-72050,,-15.5078,-277.0
-72000,,-15.3388,-277.0
-71950,,-15.3769,-276.0
-71900,,-15.6318,-276.0
-71850,,-15.9741,-276.0
-71800,,-15.9636,-275.0
-71750,,-15.7234,-275.0
-71700,,-15.7777,-275.0
-71650,,-15.8999,-274.0
-71600,,-15.9736,-274.0
-71550,,-16.3256,-273.0
-71500,,-16.82,-273.0
-71450,,-17.0037,-273.0
-71400,,-16.935,-272.0
-71350,,-16.9019,-272.0
-71300,,-16.9335,-272.0
-71250,,-16.9813,-272.0
-71200,,-16.9061,-271.0
-71150,,-16.9798,-271.0
-71100,,-17.2801,-271.0
-71050,,-17.6126,-270.0
-71000,,-17.8255,-270.0
-70950,,-17.8315,-270.0
-70900,,-17.6789,-269.0
-70850,,-17.6072,-269.0
-70800,,-17.8073,-269.0
-70750,,-17.9622,-269.0
-70700,,-18.0102,-268.0
-70650,,-18.1295,-268.0
-70600,,-18.2617,-268.0
-70550,,-18.3227,-268.0
-70500,,-18.3578,-267.0
-70450,,-18.4803,-267.0
-70400,,-18.428,-267.0
-70350,,-17.612,-267.0
-70300,,-16.1131,-266.0
-70250,,-15.3197,-266.0
-70200,,-15.6461,-266.0
-70150,,-16.4029,-266.0
-70100,,-17.2212,-265.0
-70050,,-17.6964,-265.0
-70000,,-17.9257,-265.0
-69950,,-18.2941,-265.0
-69900,,-18.4846,-265.0
-69850,,-18.2252,-264.0
-69800,,-18.0111,-264.0
-69750,,-17.839,-264.0
-69700,,-17.5311,-264.0
-69650,,-17.7507,-264.0
-69600,,-18.0156,-264.0
-69550,,-17.7788,-263.0
-69500,,-17.9693,-263.0
-69450,,-18.1729,-263.0
-69400,,-18.0335,-263.0
-69350,,-17.9913,-263.0
-69300,,-18.0428,-263.0
-69250,,-18.117,-262.0
-69200,,-18.366,-262.0
-69150,,-18.4855,-262.0
-69100,,-18.2102,-262.0
-69050,,-18.0028,-262.0
-69000,,-17.9443,-262.0
-68950,,-17.8341,-262.0
-68900,,-18.0248,-261.0
-68850,,-18.3644,-261.0
-68800,,-18.2703,-261.0
-68750,,-18.1341,-261.0
-68700,,-18.1792,-261.0
-68650,,-18.1078,-261.0
-68600,,-18.127,-261.0
-68550,,-18.3824,-261.0
-68500,,-18.2883,-261.0
-68450,,-18.0454,-261.0
-68400,,-18.3493,-261.0
-68350,,-18.5109,-261.0
-68300,,-18.2453,-260.0
-68250,,-17.9474,-260.0
-68200,,-17.698,-260.0
-68150,,-17.4841,-260.0
-68100,,-17.1926,-260.0
-68050,,-17.0565,-260.0
-68000,,-17.409,-260.0
-67950,,-18.0069,-260.0
-67900,,-18.4332,-260.0
-67850,,-18.1443,-260.0
-67800,,-17.8295,-260.0
-67750,,-18.1038,-261.0
-67700,,-18.2064,-261.0
-67650,,-18.0243,-261.0
-67600,,-17.7387,-261.0
-67550,,-17.8996,-261.0
-67500,,-18.0703,-261.0
-67450,,-17.8332,-261.0
-67400,,-17.5669,-261.0
-67350,,-17.8315,-261.0
-67300,,-18.3905,-261.0
-67250,,-18.2278,-262.0
-67200,,-18.1169,-262.0
-67150,,-18.4202,-262.0
-67100,,-18.2446,-262.0
-67050,,-18.0302,-262.0
-67000,,-18.1814,-263.0
-66950,,-17.8731,-263.0
-66900,,-17.5875,-263.0
-66850,,-17.7905,-263.0
-66800,,-18.0712,-264.0
-66750,,-18.2386,-264.0
-66700,,-18.2216,-264.0
-66650,,-18.266,-265.0
-66600,,-18.3655,-265.0
-66550,,-18.5944,-265.0
-66500,,-18.6841,-266.0
-66450,,-18.5029,-266.0
-66400,1.44419,-18.2601,-266.0
-66350,56.7632,-18.0885,-267.0
-66300,221.478,-18.3188,-267.0
-66250,362.626,-19.054,-268.0
-66200,426.985,-19.4452,-268.0
-66150,481.49,-19.5759,-269.0
-66100,533.37,-19.6634,-269.0
-66050,576.573,-20.0485,-270.0
-66000,624.892,-20.0338,-270.0
-65950,666.282,-19.6541,-271.0
-65900,708.52,-19.5981,-272.0
-65850,749.996,-19.9014,-272.0
-65800,787.241,-20.3555,-273.0
-65750,823.669,-20.5991,-274.0
-65700,858.1,-20.4752,-274.0
-65650,892.22,-20.5376,-275.0
-65600,925.781,-20.9633,-276.0
-65550,958.251,-21.2906,-277.0
-65500,990.494,-21.2932,-277.0
-65450,1021.97,-21.2959,-278.0
-65400,1053.62,-21.736,-279.0
-65350,1085.01,-22.0553,-280.0
-65300,1116.29,-22.1702,-281.0
-65250,1147.19,-22.5682,-282.0
-65200,1177.61,-22.8055,-283.0
-65150,1206.9,-22.5592,-284.0
-65100,1235.82,-22.4796,-285.0
-65050,1264.17,-22.4687,-286.0
-65000,1292.0,-22.0802,-287.0
-64950,1319.53,-22.3409,-288.0
-64900,1346.81,-22.5325,-289.0
-64850,1373.41,-21.9834,-290.0
-64800,1399.28,-21.1917,-291.0
-64750,1424.89,-20.483,-292.0
-64700,1448.18,-20.5284,-293.0
-64650,1473.25,-20.7008,-294.0
-64600,1498.61,-21.2077,-295.0
-64550,1524.37,-22.3989,-297.0
-64500,1549.71,-23.446,-298.0
-64450,1574.26,-23.7389,-299.0
-64400,1598.01,-23.5495,-300.0
-64350,1620.93,-23.347,-302.0
-64300,1643.5,-23.3921,-303.0
-64250,1665.98,-23.783,-304.0
-64200,1688.18,-23.8977,-306.0
-64150,1709.78,-23.6926,-307.0
-64100,1731.16,-23.7261,-308.0
-64050,1752.38,-23.9078,-310.0
-64000,1773.51,-24.1796,-311.0
-63950,1794.58,-24.6096,-312.0
-63900,1815.69,-24.878,-314.0
-63850,1836.58,-25.0256,-315.0
-63800,1856.91,-25.2454,-317.0
-63750,1876.62,-25.0612,-318.0
-63700,1895.92,-24.8721,-320.0
-63650,1914.97,-25.1058,-321.0
-63600,1933.74,-25.5131,-323.0
-63550,1952.02,-25.378,-324.0
-63500,1969.79,-25.3118,-326.0
-63450,1987.38,-25.8274,-327.0
-63400,2004.22,-25.7347,-329.0
-63350,2020.29,-25.5579,-330.0
-63300,2035.87,-25.7544,-332.0
-63250,2050.89,-25.9099,-334.0
-63200,2065.38,-26.1051,-335.0
-63150,2079.26,-26.0843,-337.0
-63100,2092.17,-25.7552,-338.0
-63050,2104.66,-25.6348,-340.0
-63000,2116.86,-25.9177,-342.0
-62950,2128.74,-26.0148,-343.0
-62900,2140.06,-25.7115,-345.0
-62850,2150.99,-25.8499,-346.0
-62800,2161.76,-26.2628,-348.0
-62750,2171.99,-26.2075,-350.0
-62700,2181.67,-25.8942,-351.0
-62650,2191.06,-25.583,-353.0
-62600,2200.59,-25.9778,-355.0
-62550,2210.13,-26.4082,-356.0
-62500,2219.1,-25.982,-358.0
-62450,2227.86,-25.5937,-360.0
-62400,2236.69,-25.717,-361.0
-62350,2245.64,-26.226,-363.0
-62300,2254.77,-26.7324,-364.0
-62250,2263.1,-26.4686,-366.0
-62200,2270.94,-25.8889,-368.0
-62150,2278.74,-25.7297,-369.0
-62100,2286.67,-25.7393,-371.0
-62050,2294.91,-25.9605,-373.0
-62000,2303.35,-26.1923,-374.0
-61950,2311.94,-26.0848,-376.0
-61900,2320.67,-26.2368,-378.0
-61850,2329.44,-26.2434,-379.0
-61800,2338.2,-26.2596,-381.0
-61750,2346.97,-26.5348,-382.0
-61700,2355.39,-26.3167,-384.0
-61650,2363.59,-26.24,-386.0
-61600,2371.72,-26.3637,-387.0
-61550,2379.88,-26.4196,-389.0
-61500,2388.05,-26.3945,-391.0
-61450,2396.15,-26.2139,-392.0
-61400,2404.31,-26.1112,-394.0
-61350,2412.63,-26.103,-396.0
-61300,2421.16,-26.1053,-397.0
-61250,2429.93,-26.1766,-399.0
-61200,2438.89,-26.2681,-400.0
-61150,2448.01,-26.3214,-402.0
-61100,2457.33,-26.3561,-404.0
-61050,2466.81,-26.2912,-405.0
-61000,2476.47,-26.1914,-407.0
-60950,2479.39,-26.3099,-409.0
-60900,2474.24,-26.4311,-410.0
-60850,2471.24,-26.4802,-412.0
-60800,2469.57,-26.4765,-413.0
-60750,2469.67,-26.3766,-415.0
-60700,2470.44,-26.2892,-417.0
-60650,2471.98,-26.137,-418.0
-60600,2474.05,-26.2362,-420.0
-60550,2476.84,-26.5293,-421.0
-60500,2480.2,-26.2778,-423.0
-60450,2483.97,-25.9148,-424.0
-60400,2488.12,-26.152,-426.0
-60350,2492.64,-26.4943,-427.0
-60300,2497.03,-26.5449,-429.0
-60250,2500.99,-26.3187,-430.0
-60200,2505.42,-25.3339,-432.0
-60150,2511.28,-23.8015,-434.0
-60100,2519.38,-23.2524,-435.0
-60050,2529.17,-24.6844,-437.0
-60000,2540.09,-26.15,-438.0
-59950,2551.83,-26.3958,-440.0
-59900,2563.98,-26.2322,-441.0
-59850,2575.71,-24.9986,-443.0
-59800,2570.66,-23.6399,-444.0
-59750,2565.54,-23.3376,-446.0
-59700,2560.02,-23.4861,-447.0
-59650,2553.86,-23.9984,-449.0
-59600,2547.48,-24.5214,-450.0
-59550,2541.22,-24.2048,-452.0
-59500,2536.82,-23.6108,-453.0
-59450,2533.62,-23.498,-454.0
-59400,2529.78,-23.9252,-456.0
-59350,2525.4,-24.5683,-457.0
-59300,2520.9,-24.8783,-458.0
-59250,2516.45,-24.8349,-460.0
-59200,2511.74,-24.7885,-461.0
-59150,2506.7,-24.7722,-462.0
-59100,2501.47,-24.5174,-464.0
-59050,2496.1,-23.7017,-465.0
-59000,2491.22,-22.7309,-466.0
-58950,2485.04,-23.0658,-467.0
-58900,2478.42,-23.96,-468.0
-58850,2471.75,-23.9549,-470.0
-58800,2465.77,-23.0534,-471.0
-58750,2460.67,-22.702,-472.0
-58700,2454.6,-22.9201,-473.0
-58650,2449.06,-22.638,-474.0
-58600,2444.05,-22.422,-475.0
-58550,2438.27,-22.4772,-476.0
-58500,2431.02,-22.698,-477.0
-58450,2423.11,-22.7668,-478.0
-58400,2415.68,-22.5631,-479.0
-58350,2408.65,-22.4911,-480.0
-58300,2401.84,-22.665,-481.0
-58250,2395.12,-22.707,-482.0
-58200,2388.48,-22.6368,-483.0
-58150,2382.0,-22.675,-484.0
-58100,2376.04,-22.8943,-485.0
-58050,2370.77,-22.9499,-486.0
-58000,2365.64,-22.8494,-487.0
-57950,2360.65,-22.8621,-488.0
-57900,2355.44,-23.0946,-488.0
-57850,2349.88,-23.1958,-489.0
-57800,2344.37,-22.9469,-490.0
-57750,2338.93,-22.8208,-491.0
-57700,2333.31,-22.895,-492.0
-57650,2327.5,-22.8852,-492.0
-57600,2321.71,-22.6991,-493.0
-57550,2316.0,-22.5231,-494.0
-57500,2310.1,-22.4567,-495.0
-57450,2303.28,-22.563,-495.0
-57400,2296.62,-22.7926,-496.0
-57350,2290.31,-22.9109,-497.0
-57300,2284.21,-22.9027,-497.0
-57250,2278.0,-23.1514,-498.0
-57200,2270.91,-23.3059,-499.0
-57150,2263.49,-23.2974,-499.0
-57100,2255.73,-23.3636,-500.0
-57050,2247.69,-23.2743,-501.0
-57000,2239.45,-23.2503,-501.0
-56950,2231.05,-23.1939,-502.0
-56900,2222.49,-23.1958,-502.0
-56850,2213.62,-23.3852,-503.0
-56800,2204.31,-23.3964,-503.0
-56750,2194.37,-23.3218,-504.0
-56700,2184.23,-23.3715,-504.0
-56650,2174.0,-23.1121,-505.0
-56600,2163.37,-22.2361,-505.0
-56550,2153.31,-21.414,-506.0
-56500,2144.81,-21.2599,-506.0
-56450,2137.14,-21.4008,-506.0
-56400,2129.66,-21.3613,-507.0
-56350,2121.98,-21.3283,-507.0
-56300,2114.66,-21.2772,-508.0
-56250,2107.75,-21.691,-508.0
-56200,2101.17,-22.3389,-508.0
-56150,2094.65,-22.6955,-509.0
-56100,2088.16,-22.8881,-509.0
-56050,2081.65,-22.7377,-509.0
-56000,2074.97,-22.6748,-509.0
-55950,2067.97,-22.738,-510.0
-55900,2060.51,-22.5544,-510.0
-55850,2052.58,-21.5333,-510.0
-55800,2044.36,-20.712,-511.0
-55750,2035.44,-21.4978,-511.0
-55700,2025.05,-22.116,-511.0
-55650,2014.95,-22.0738,-511.0
-55600,2005.35,-22.1955,-511.0
-55550,1995.22,-22.2858,-511.0
-55500,1984.23,-22.282,-512.0
-55450,1972.57,-22.2241,-512.0
-55400,1960.63,-22.4373,-512.0
-55350,1948.11,-22.4303,-512.0
-55300,1933.95,-22.1938,-512.0
-55250,1917.82,-22.0401,-511.0
-55200,1899.99,-21.985,-511.0
-55150,1881.17,-21.909,-511.0
-55100,1861.33,-21.2852,-511.0
-55050,1840.4,-20.3728,-510.0
-55000,1818.77,-19.8352,-510.0
-54950,1796.54,-19.6605,-509.0
-54900,1773.4,-19.5828,-509.0
-54850,1747.09,-19.9849,-508.0
-54800,1718.52,-20.1257,-507.0
-54750,1687.5,-19.2815,-506.0
-54700,1652.97,-18.683,-505.0
-54650,1613.29,-18.6787,-504.0
-54600,1565.29,-18.7484,-503.0
-54550,1511.55,-18.7337,-502.0
-54500,1450.59,-18.5231,-501.0
-54450,1380.91,-18.015,-500.0
-54400,1301.21,-17.5714,-498.0
-54350,1213.56,-17.3626,-497.0
-54300,1114.42,-16.992,-496.0
-54250,989.69,-16.4505,-494.0
-54200,819.979,-15.8818,-492.0
-54150,619.959,-14.9785,-491.0
-54100,215.382,-14.2679,-489.0
-54050,,-14.3455,-487.0
-54000,,-14.1561,-485.0
-53950,,-14.2902,-483.0
-53900,,-14.4707,-481.0
-53850,,-14.4969,-479.0
-53800,,-14.3565,-477.0
-53750,,-14.3117,-474.0
-53700,,-14.3869,-472.0
-53650,,-14.4474,-470.0
-53600,,-14.4613,-467.0
-53550,,-14.3822,-465.0
-53500,,-14.4599,-463.0
-53450,,-14.535,-460.0
-53400,,-14.5515,-458.0
-53350,,-14.6291,-456.0
-53300,,-14.4569,-454.0
-53250,,-14.3605,-451.0
-53200,,-14.3132,-449.0
-53150,,-14.2978,-447.0
-53100,,-14.596,-445.0
-53050,,-14.5511,-443.0
-53000,,-14.4891,-441.0
-52950,,-14.3871,-439.0
-52900,,-14.165,-436.0
-52850,,-14.2811,-434.0
-52800,,-14.4266,-432.0
-52750,,-14.5721,-430.0
-52700,,-14.5656,-428.0
-52650,,-14.3509,-426.0
-52600,,-14.4596,-424.0
-52550,,-14.6835,-423.0
-52500,,-14.6623,-421.0
-52450,,-14.4917,-419.0
-52400,,-14.3236,-417.0
-52350,,-14.5646,-415.0
-52300,,-15.1217,-413.0
-52250,,-15.3113,-411.0
-52200,,-15.2166,-409.0
-52150,,-15.1244,-408.0
-52100,,-14.8264,-406.0
-52050,,-14.7685,-404.0
-52000,,-14.7694,-402.0
-51950,,-14.9223,-401.0
-51900,,-15.1755,-399.0
-51850,,-15.0171,-397.0
-51800,,-14.9764,-396.0
-51750,,-15.0435,-394.0
-51700,,-14.8925,-392.0
-51650,,-14.8272,-391.0
-51600,,-14.9531,-389.0
-51550,,-14.9711,-387.0
-51500,,-14.8593,-386.0
-51450,,-14.9055,-384.0
-51400,,-15.0448,-383.0
-51350,,-14.895,-381.0
-51300,,-14.8015,-380.0
-51250,,-14.8281,-378.0
-51200,,-14.8987,-377.0
-51150,,-14.9841,-375.0
-51100,,-14.7828,-374.0
-51050,,-14.8339,-372.0
-51000,,-14.9854,-371.0
-50950,,-14.9679,-370.0
-50900,,-15.0827,-368.0
-50850,,-15.1191,-367.0
-50800,,-15.0231,-366.0
-50750,,-14.9566,-364.0
-50700,,-15.042,-363.0
-50650,,-14.9681,-362.0
-50600,,-14.8035,-360.0
-50550,,-14.9085,-359.0
-50500,,-15.1311,-358.0
-50450,,-15.1357,-356.0
-50400,,-14.9687,-355.0
-50350,,-14.9071,-354.0
-50300,,-14.9336,-353.0
-50250,,-14.9406,-352.0
-50200,,-14.8839,-350.0
-50150,,-15.1163,-349.0
-50100,,-15.334,-348.0
-50050,,-15.3434,-347.0
-50000,,-15.5685,-346.0
-49950,,-15.7813,-345.0
-49900,,-15.7173,-343.0
-49850,,-15.4793,-342.0
-49800,,-14.9056,-341.0
-49750,,-14.4323,-340.0
-49700,,-14.5055,-339.0
-49650,,-15.1496,-338.0
-49600,,-15.4164,-337.0
-49550,,-14.8059,-336.0
-49500,,-14.5189,-335.0
-49450,,-14.5725,-334.0
-49400,,-14.6947,-333.0
-49350,,-15.0178,-332.0
-49300,,-15.1865,-331.0
-49250,,-15.2009,-330.0
-49200,,-15.2937,-329.0
-49150,,-15.2812,-328.0
-49100,,-15.1951,-327.0
-49050,,-15.2977,-326.0
-49000,,-15.5865,-325.0
-48950,,-15.7944,-324.0
-48900,,-15.9582,-323.0
-48850,,-16.2152,-322.0
-48800,,-16.3815,-321.0
-48750,,-16.4816,-321.0
-48700,,-16.6234,-320.0
-48650,,-16.4344,-319.0
-48600,,-16.1695,-318.0
-48550,,-16.1177,-317.0
-48500,,-16.1664,-316.0
-48450,,-16.017,-315.0
-48400,,-15.9509,-315.0
-48350,,-16.2377,-314.0
-48300,,-16.4633,-313.0
-48250,,-16.385,-312.0
-48200,,-15.9416,-311.0
-48150,,-15.6525,-311.0
-48100,,-15.8438,-310.0
-48050,,-16.2433,-309.0
-48000,,-16.4468,-308.0
-47950,,-16.2656,-308.0
-47900,,-15.8662,-307.0
-47850,,-15.7708,-306.0
-47800,,-16.0551,-305.0
-47750,,-16.1091,-305.0
-47700,,-16.0872,-304.0
-47650,,-15.9525,-303.0
-47600,,-15.8326,-302.0
-47550,,-16.0091,-302.0
-47500,,-16.0582,-301.0
-47450,,-15.9235,-300.0
-47400,,-15.3062,-300.0
-47350,,-14.0885,-299.0
-47300,,-13.5814,-298.0
-47250,,-13.6697,-298.0
-47200,,-13.6453,-297.0
-47150,,-13.7238,-296.0
-47100,,-13.9885,-296.0
-47050,,-14.1014,-295.0
-47000,,-13.8197,-294.0
-46950,,-13.9397,-294.0
-46900,,-14.2117,-293.0
-46850,,-14.2435,-293.0
-46800,,-14.1944,-292.0
-46750,,-14.0841,-291.0
-46700,,-14.0963,-291.0
-46650,,-14.1919,-290.0
-46600,,-14.1992,-290.0
-46550,,-14.0424,-289.0
-46500,,-14.1305,-289.0
-46450,,-14.4711,-288.0
-46400,,-14.4392,-287.0
-46350,,-14.3877,-287.0
-46300,,-14.4195,-286.0
-46250,,-14.3852,-286.0
-46200,,-14.4342,-285.0
-46150,,-14.4488,-285.0
-46100,,-14.4243,-284.0
-46050,,-14.5933,-284.0
-46000,,-14.7623,-283.0
-45950,,-14.581,-283.0
-45900,,-14.6054,-282.0
-45850,,-14.9387,-282.0
-45800,,-15.1396,-281.0
-45750,,-15.1689,-281.0
-45700,,-14.9606,-280.0
-45650,,-14.914,-280.0
-45600,,-15.0046,-279.0
-45550,,-15.0609,-279.0
-45500,,-15.0928,-278.0
-45450,,-15.0239,-278.0
-45400,,-15.1338,-277.0
-45350,,-15.4594,-277.0
-45300,,-15.4322,-277.0
-45250,,-15.2457,-276.0
-45200,,-15.1596,-276.0
-45150,,-15.0712,-275.0
-45100,,-15.3404,-275.0
-45050,,-15.5729,-274.0
-45000,,-15.3447,-274.0
-44950,,-14.9475,-274.0
-44900,,-14.7022,-273.0
-44850,,-14.7827,-273.0
-44800,,-15.2333,-272.0
-44750,,-15.6937,-272.0
-44700,,-16.0879,-272.0
-44650,,-16.0018,-271.0
-44600,,-15.9624,-271.0
-44550,,-16.2855,-270.0
-44500,,-16.2338,-270.0
-44450,,-15.937,-270.0
-44400,,-15.7701,-269.0
-44350,,-16.103,-269.0
-44300,,-16.1763,-269.0
-44250,,-15.7986,-268.0
-44200,,-15.7713,-268.0
-44150,,-15.8397,-268.0
-44100,,-15.7487,-267.0
-44050,,-15.9543,-267.0
-44000,,-16.3877,-267.0
-43950,,-16.5717,-266.0
-43900,,-16.3907,-266.0
-43850,,-16.1925,-266.0
-43800,,-16.0605,-265.0
-43750,,-15.7593,-265.0
-43700,,-15.1152,-265.0
-43650,,-14.4882,-264.0
-43600,,-14.3905,-264.0
-43550,,-14.5647,-264.0
-43500,,-14.5381,-263.0
-43450,,-14.2321,-263.0
-43400,,-13.9922,-263.0
-43350,,-14.0464,-262.0
-43300,,-14.2868,-262.0
-43250,,-14.39,-262.0
-43200,,-14.4442,-262.0
-43150,,-14.518,-261.0
-43100,,-14.5795,-261.0
-43050,,-14.6655,-261.0
-43000,,-14.8373,-260.0
-42950,,-15.0998,-260.0
-42900,,-15.2324,-260.0
-42850,,-15.3552,-260.0
-42800,,-15.3408,-259.0
-42750,,-15.1695,-259.0
-42700,,-15.1355,-259.0
-42650,,-15.1235,-259.0
-42600,,-15.4252,-258.0
-42550,,-15.8151,-258.0
-42500,,-15.7002,-258.0
-42450,,-15.7525,-258.0
-42400,,-16.0081,-258.0
-42350,,-16.1314,-257.0
-42300,,-16.0635,-257.0
-42250,,-16.1403,-257.0
-42200,,-16.1386,-257.0
-42150,,-15.9777,-256.0
-42100,,-16.1769,-256.0
-42050,,-16.0846,-256.0
-42000,,-15.9163,-256.0
-41950,,-15.8558,-256.0
-41900,,-15.9571,-255.0
-41850,,-16.0019,-255.0
-41800,,-15.7724,-255.0
-41750,,-14.9597,-255.0
-41700,,-14.1886,-255.0
-41650,,-14.3168,-254.0
-41600,,-14.4181,-254.0
-41550,,-14.5414,-254.0
-41500,,-14.5667,-254.0
-41450,,-14.6556,-254.0
-41400,,-14.7373,-253.0
-41350,,-14.6351,-253.0
-41300,,-14.8908,-253.0
-41250,,-15.2983,-253.0
-41200,,-15.5808,-253.0
-41150,,-15.6625,-252.0
-41100,,-15.749,-252.0
-41050,,-16.1835,-252.0
-41000,,-16.52,-252.0
-40950,,-16.3346,-252.0
-40900,,-16.2496,-252.0
-40850,,-16.3312,-251.0
-40800,,-16.2291,-251.0
-40750,,-15.9211,-251.0
-40700,,-15.7724,-251.0
-40650,,-15.8026,-251.0
-40600,,-15.8353,-251.0
-40550,,-15.8385,-250.0
-40500,,-15.8442,-250.0
-40450,,-15.8425,-250.0
-40400,,-15.9241,-250.0
-40350,,-15.43,-250.0
-40300,,-14.8353,-250.0
-40250,,-14.9758,-250.0
-40200,,-15.1603,-249.0
-40150,,-15.5237,-249.0
-40100,,-16.0734,-249.0
-40050,,-16.3192,-249.0
-40000,,-16.298,-249.0
-39950,,-16.2326,-249.0
-39900,,-16.0961,-249.0
-39850,,-16.3223,-248.0
-39800,,-16.1589,-248.0
-39750,,-16.1083,-248.0
-39700,,-16.4717,-248.0
-39650,,-16.225,-248.0
-39600,,-16.2454,-248.0
-39550,,-16.3368,-248.0
-39500,,-16.2837,-247.0
-39450,,-16.4276,-247.0
-39400,,-16.4074,-247.0
-39350,,-16.2671,-247.0
-39300,,-16.4845,-247.0
-39250,,-16.604,-247.0
-39200,,-16.5421,-247.0
-39150,,-16.191,-247.0
-39100,,-15.8449,-246.0
-39050,,-15.9717,-246.0
-39000,,-16.1157,-246.0
-38950,,-16.2523,-246.0
-38900,,-16.281,-246.0
-38850,,-16.4078,-246.0
-38800,,-16.2993,-246.0
-38750,,-16.0537,-246.0
-38700,,-16.0628,-246.0
-38650,,-16.0745,-245.0
-38600,,-15.9121,-245.0
-38550,,-15.789,-245.0
-38500,,-15.9427,-245.0
-38450,,-15.9519,-245.0
-38400,,-15.7013,-245.0
-38350,,-14.9451,-245.0
-38300,,-14.0768,-245.0
-38250,,-13.9103,-245.0
-38200,,-14.166,-245.0
-38150,,-14.2848,-244.0
-38100,,-14.2344,-244.0
-38050,,-14.4251,-244.0
-38000,,-14.6829,-244.0
-37950,,-14.7204,-244.0
-37900,,-14.6792,-244.0
-37850,,-14.724,-244.0
-37800,,-14.6427,-244.0
-37750,,-14.64,-244.0
-37700,,-14.8157,-244.0
-37650,,-14.8068,-244.0
-37600,,-14.8889,-243.0
-37550,,-14.9399,-243.0
-37500,,-15.2393,-243.0
-37450,,-15.7297,-243.0
-37400,,-15.4272,-243.0
-37350,,-15.3091,-243.0
-37300,,-15.4079,-243.0
-37250,,-15.6346,-243.0
-37200,,-15.9373,-243.0
-37150,,-16.2982,-243.0
-37100,,-16.3128,-243.0
-37050,,-16.3728,-243.0
-37000,,-16.4683,-243.0
-36950,,-16.4732,-243.0
-36900,,-16.1772,-242.0
-36850,,-16.085,-242.0
-36800,,-16.3068,-242.0
-36750,,-16.2373,-242.0
-36700,,-16.1484,-242.0
-36650,,-16.5223,-242.0
-36600,,-17.3006,-242.0
-36550,,-17.1502,-242.0
-36500,,-16.7906,-242.0
-36450,,-17.2142,-242.0
-36400,,-17.175,-242.0
-36350,,-17.1164,-242.0
-36300,,-17.5432,-242.0
-36250,,-17.5008,-242.0
-36200,,-17.2124,-242.0
-36150,,-17.2314,-242.0
-36100,,-17.3929,-242.0
-36050,,-17.5576,-242.0
-36000,,-17.622,-242.0
-35950,,-17.3853,-242.0
-35900,,-17.8348,-241.0
-35850,,-18.459,-241.0
-35800,,-18.1059,-241.0
-35750,,-17.4778,-241.0
-35700,,-16.9984,-241.0
-35650,,-17.0045,-241.0
-35600,,-17.289,-241.0
-35550,,-17.3339,-241.0
-35500,,-17.2656,-241.0
-35450,,-16.3332,-241.0
-35400,,-15.0416,-241.0
-35350,,-14.6917,-241.0
-35300,,-14.8887,-241.0
-35250,,-15.1246,-241.0
-35200,,-15.1631,-241.0
-35150,,-15.2565,-241.0
-35100,,-15.3565,-241.0
-35050,,-15.4759,-241.0
-35000,,-15.3726,-241.0
-34950,,-15.4148,-241.0
-34900,,-15.9457,-241.0
-34850,,-16.2275,-241.0
-34800,,-16.1565,-241.0
-34750,,-15.9075,-241.0
-34700,,-15.8204,-241.0
-34650,,-15.7073,-241.0
-34600,,-16.2577,-241.0
-34550,,-16.8663,-241.0
-34500,,-17.1189,-241.0
-34450,,-17.5884,-241.0
-34400,,-17.5853,-241.0
-34350,,-17.3363,-241.0
-34300,,-17.2847,-241.0
-34250,,-17.4403,-240.0
-34200,,-17.6249,-240.0
-34150,,-17.4633,-240.0
-34100,,-17.292,-240.0
-34050,,-17.3343,-240.0
-34000,,-17.3572,-240.0
-33950,,-17.2829,-240.0
-33900,,-17.4126,-240.0
-33850,,-17.662,-240.0
-33800,,-17.4712,-240.0
-33750,,-17.2902,-240.0
-33700,,-17.025,-240.0
-33650,,-16.488,-240.0
-33600,,-15.5562,-240.0
-33550,,-15.1486,-240.0
-33500,,-15.4044,-240.0
-33450,,-15.3656,-240.0
-33400,,-15.3981,-240.0
-33350,,-15.6312,-240.0
-33300,,-16.0132,-240.0
-33250,,-16.9065,-240.0
-33200,,-17.9066,-240.0
-33150,,-18.0426,-240.0
-33100,,-17.7256,-240.0
-33050,,-17.6286,-240.0
-33000,,-17.8229,-240.0
-32950,,-17.9589,-240.0
-32900,,-17.8522,-240.0
-32850,,-17.6225,-240.0
-32800,,-17.7391,-240.0
-32750,,-18.4415,-240.0
-32700,,-18.7167,-240.0
-32650,,-18.4028,-240.0
-32600,,-18.1052,-240.0
-32550,,-18.1344,-240.0
-32500,,-18.2672,-240.0
-32450,,-18.1217,-240.0
-32400,,-18.0344,-240.0
-32350,,-17.5394,-240.0
-32300,,-15.9246,-240.0
-32250,,-15.148,-240.0
-32200,,-15.4782,-240.0
-32150,,-15.6466,-240.0
-32100,,-15.8053,-240.0
-32050,,-15.773,-240.0
-32000,,-15.8308,-240.0
-31950,,-16.2834,-240.0
-31900,,-16.5872,-240.0
-31850,,-17.1919,-240.0
-31800,,-17.7902,-240.0
-31750,,-17.916,-240.0
-31700,,-17.9964,-240.0
-31650,,-18.0316,-240.0
-31600,,-17.947,-240.0
-31550,,-17.8204,-240.0
-31500,,-17.7228,-240.0
-31450,,-17.8097,-240.0
-31400,,-18.1103,-240.0
-31350,,-18.0257,-240.0
-31300,,-18.1482,-240.0
-31250,,-17.9504,-239.0
-31200,,-17.6457,-239.0
-31150,,-18.011,-239.0
-31100,,-18.1011,-239.0
-31050,,-17.7803,-239.0
-31000,,-17.9061,-239.0
-30950,,-18.2519,-239.0
-30900,,-17.9764,-239.0
-30850,,-17.7462,-239.0
-30800,,-17.9432,-239.0
-30750,,-17.9686,-239.0
-30700,,-18.0717,-239.0
-30650,,-18.259,-239.0
-30600,,-18.0773,-239.0
-30550,,-17.7144,-239.0
-30500,,-17.7782,-239.0
-30450,,-17.7385,-239.0
-30400,,-17.2587,-239.0
-30350,,-17.0087,-239.0
-30300,,-17.4803,-239.0
-30250,,-17.8419,-239.0
-30200,,-17.8184,-239.0
-30150,,-18.3126,-239.0
-30100,,-18.4024,-239.0
-30050,,-18.0326,-239.0
-30000,,-18.3715,-239.0
-29950,,-18.5746,-239.0
-29900,,-18.2921,-239.0
-29850,,-18.5308,-239.0
-29800,,-18.6108,-239.0
-29750,,-18.5193,-239.0
-29700,,-18.3599,-239.0
-29650,,-18.1098,-239.0
-29600,,-18.2805,-239.0
-29550,,-18.3605,-239.0
-29500,,-18.2431,-239.0
-29450,16.2905,-18.2681,-239.0
-29400,154.133,-18.6166,-239.0
-29350,306.177,-19.2978,-239.0
-29300,423.937,-19.9745,-240.0
-29250,465.894,-20.075,-240.0
-29200,517.619,-20.0441,-240.0
-29150,564.556,-20.1682,-240.0
-29100,607.081,-19.8373,-240.0
-29050,619.263,-19.7283,-240.0
-29000,669.611,-20.1964,-240.0
-28950,714.503,-20.5352,-240.0
-28900,744.072,-20.4585,-240.0
-28850,762.898,-20.6677,-240.0
-28800,793.031,-20.9103,-240.0
-28750,822.778,-20.9765,-241.0
-28700,845.308,-20.9128,-241.0
-28650,866.014,-20.3917,-241.0
-28600,891.601,-19.4051,-241.0
-28550,917.27,-18.3831,-241.0
-28500,940.978,-18.5214,-242.0
-28450,963.949,-19.0773,-242.0
-28400,983.315,-19.1459,-242.0
-28350,1004.53,-19.2738,-242.0
-28300,1025.29,-20.2962,-243.0
-28250,1044.94,-21.2234,-243.0
-28200,1064.2,-21.6408,-243.0
-28150,1083.18,-21.905,-244.0
-28100,1103.32,-21.7629,-244.0
-28050,1122.87,-22.1392,-244.0
-28000,1142.31,-22.2692,-245.0
-27950,1161.34,-22.2744,-245.0
-27900,1179.9,-22.4784,-245.0
-27850,1198.49,-22.4137,-246.0
-27800,1216.7,-22.6257,-246.0
-27750,1234.85,-22.7469,-247.0
-27700,1252.75,-22.9025,-247.0
-27650,1270.44,-22.8598,-248.0
-27600,1287.65,-22.5982,-248.0
-27550,1304.17,-22.6218,-249.0
-27500,1320.47,-22.4858,-249.0
-27450,1336.57,-20.8182,-250.0
-27400,1350.64,-19.6437,-250.0
-27350,1364.58,-20.103,-251.0
-27300,1379.34,-20.5882,-252.0
-27250,1395.07,-21.2326,-252.0
-27200,1411.17,-22.0435,-253.0
-27150,1427.15,-22.8151,-253.0
-27100,1442.77,-23.378,-254.0
-27050,1457.81,-23.6924,-255.0
-27000,1473.43,-23.5853,-256.0
-26950,1488.21,-23.2156,-256.0
-26900,1501.96,-23.0392,-257.0
-26850,1515.36,-23.2107,-258.0
-26800,1529.2,-23.0312,-259.0
-26750,1542.8,-22.731,-259.0
-26700,1556.38,-23.2169,-260.0
-26650,1570.85,-23.7939,-261.0
-26600,1585.64,-23.3882,-262.0
-26550,1599.71,-23.2805,-263.0
-26500,1613.52,-23.7768,-264.0
-26450,1627.8,-23.754,-264.0
-26400,1641.89,-23.8597,-265.0
-26350,1655.97,-24.2145,-266.0
-26300,1670.22,-24.0392,-267.0
-26250,1683.95,-23.7711,-268.0
-26200,1697.4,-23.8804,-269.0
-26150,1711.07,-24.3303,-270.0
-26100,1725.05,-25.0564,-271.0
-26050,1739.56,-24.9141,-272.0
-26000,1753.62,-24.1001,-273.0
-25950,1767.0,-23.7136,-275.0
-25900,1780.36,-23.6764,-276.0
-25850,1794.12,-23.8414,-277.0
-25800,1808.09,-24.059,-278.0
-25750,1822.55,-24.1037,-279.0
-25700,1837.22,-23.8644,-280.0
-25650,1851.71,-24.0742,-282.0
-25600,1866.45,-24.1911,-283.0
-25550,1879.87,-24.7329,-284.0
-25500,1893.43,-25.1037,-285.0
-25450,1907.48,-24.7321,-287.0
-25400,1921.48,-25.0819,-288.0
-25350,1935.67,-25.5586,-289.0
-25300,1950.01,-25.4048,-290.0
-25250,1964.11,-25.2693,-292.0
-25200,1977.5,-25.6519,-293.0
-25150,1991.28,-25.8257,-295.0
-25100,2004.04,-25.4451,-296.0
-25050,2017.23,-25.1148,-297.0
-25000,2030.2,-24.8126,-299.0
-24950,2042.49,-25.3328,-300.0
-24900,2055.16,-25.9516,-302.0
-24850,2068.24,-25.3744,-303.0
-24800,2079.44,-25.1942,-305.0
-24750,2090.23,-25.5786,-306.0
-24700,2101.21,-25.4038,-308.0
-24650,2111.79,-25.2436,-309.0
-24600,2121.99,-25.7388,-311.0
-24550,2132.29,-25.7876,-312.0
-24500,2142.02,-25.3455,-314.0
-24450,2151.86,-25.1335,-315.0
-24400,2161.78,-25.7341,-317.0
-24350,2169.88,-26.1557,-318.0
-24300,2179.13,-26.048,-320.0
-24250,2188.37,-26.0633,-322.0
-24200,2194.96,-25.7538,-323.0
-24150,2202.13,-25.9029,-325.0
-24100,2209.81,-26.1092,-326.0
-24050,2216.69,-25.6358,-328.0
-24000,2223.69,-25.5284,-329.0
-23950,2230.76,-25.8098,-331.0
-23900,2237.92,-25.9007,-333.0
-23850,2245.37,-25.9377,-334.0
-23800,2252.73,-25.7057,-336.0
-23750,2260.06,-25.8135,-337.0
-23700,2267.38,-26.3871,-339.0
-23650,2274.76,-26.4174,-340.0
-23600,2282.07,-26.1917,-342.0
-23550,2289.26,-26.1887,-344.0
-23500,2296.43,-26.079,-345.0
-23450,2303.6,-25.7492,-347.0
-23400,2310.57,-25.9105,-348.0
-23350,2317.46,-26.2171,-350.0
-23300,2324.35,-26.4396,-351.0
-23250,2331.14,-26.5225,-353.0
-23200,2337.78,-26.1971,-355.0
-23150,2344.23,-26.3302,-356.0
-23100,2350.54,-26.5278,-358.0
-23050,2356.53,-26.4489,-359.0
-23000,2360.57,-26.4397,-361.0
-22950,2359.35,-26.3993,-362.0
-22900,2357.72,-25.8654,-364.0
-22850,2356.43,-25.7827,-365.0
-22800,2354.98,-25.7448,-367.0
-22750,2353.51,-24.5353,-368.0
-22700,2352.59,-24.2503,-370.0
-22650,2351.92,-24.8889,-371.0
-22600,2351.64,-25.3349,-373.0
-22550,2350.8,-25.6493,-374.0
-22500,2350.19,-25.5245,-376.0
-22450,2349.4,-25.3569,-377.0
-22400,2348.17,-25.0453,-378.0
-22350,2346.74,-24.9043,-380.0
-22300,2343.6,-25.3097,-381.0
-22250,2340.66,-25.0753,-382.0
-22200,2338.53,-24.6501,-384.0
-22150,2336.86,-25.3757,-385.0
-22100,2335.57,-25.7404,-386.0
-22050,2335.03,-25.3316,-388.0
-22000,2330.58,-25.512,-389.0
-21950,2327.49,-25.5167,-390.0
-21900,2325.76,-25.307,-392.0
-21850,2324.86,-25.489,-393.0
-21800,2324.18,-25.4618,-394.0
-21750,2323.84,-25.2094,-395.0
-21700,2319.26,-24.9332,-397.0
-21650,2315.99,-24.7368,-398.0
-21600,2315.39,-24.8816,-399.0
-21550,2315.2,-24.9667,-400.0
-21500,2315.09,-25.2203,-401.0
-21450,2314.98,-25.2086,-402.0
-21400,2314.83,-25.0511,-404.0
-21350,2314.64,-25.5085,-405.0
-21300,2314.26,-25.6803,-406.0
-21250,2313.99,-25.8268,-407.0
-21200,2313.74,-25.8342,-408.0
-21150,2313.27,-25.4718,-409.0
-21100,2312.82,-25.0642,-410.0
-21050,2312.31,-24.8927,-411.0
-21000,2311.82,-25.3199,-412.0
-20950,2311.35,-25.291,-413.0
-20900,2310.94,-25.1946,-414.0
-20850,2310.59,-25.2996,-415.0
-20800,2310.28,-25.0908,-416.0
-20750,2309.88,-25.3704,-417.0
-20700,2309.57,-25.6309,-418.0
-20650,2309.1,-25.2274,-419.0
-20600,2308.34,-25.2822,-420.0
-20550,2307.59,-25.4536,-421.0
-20500,2307.02,-25.8134,-421.0
-20450,2306.55,-25.8534,-422.0
-20400,2306.03,-25.2686,-423.0
-20350,2305.11,-25.2453,-424.0
-20300,2304.08,-25.1147,-425.0
-20250,2303.03,-24.9712,-426.0
-20200,2301.76,-24.859,-426.0
-20150,2300.78,-24.4408,-427.0
-20100,2299.51,-24.51,-428.0
-20050,2298.41,-25.4278,-429.0
-20000,2297.7,-25.658,-429.0
-19950,2296.62,-25.1682,-430.0
-19900,2295.37,-25.3478,-431.0
-19850,2294.02,-25.6045,-432.0
-19800,2292.75,-25.4538,-432.0
-19750,2291.06,-25.0587,-433.0
-19700,2289.12,-24.8503,-434.0
-19650,2287.14,-24.7486,-435.0
-19600,2285.3,-24.7155,-435.0
-19550,2283.61,-24.8513,-436.0
-19500,2282.07,-24.9554,-437.0
-19450,2280.55,-24.7416,-438.0
-19400,2277.89,-24.6653,-438.0
-19350,2275.29,-24.335,-439.0
-19300,2272.54,-23.7276,-440.0
-19250,2269.92,-24.2065,-440.0
-19200,2266.91,-24.2644,-441.0
-19150,2264.26,-23.6641,-442.0
-19100,2261.71,-23.522,-442.0
-19050,2259.01,-23.5788,-443.0
-19000,2256.12,-23.7332,-443.0
-18950,2252.99,-23.5788,-444.0
-18900,2250.18,-23.7966,-445.0
-18850,2247.22,-24.0329,-445.0
-18800,2244.02,-23.6218,-446.0
-18750,2241.45,-23.6443,-446.0
-18700,2238.43,-23.9324,-447.0
-18650,2235.22,-23.925,-448.0
-18600,2232.06,-23.6997,-448.0
-18550,2229.12,-23.6445,-449.0
-18500,2226.2,-23.5238,-449.0
-18450,2223.56,-23.429,-450.0
-18400,2220.67,-23.3386,-450.0
-18350,2217.64,-23.1576,-451.0
-18300,2214.68,-23.4298,-451.0
-18250,2211.24,-23.46,-452.0
-18200,2207.75,-23.1272,-452.0
-18150,2204.37,-23.1687,-453.0
-18100,2200.7,-23.0971,-453.0
-18050,2196.86,-23.0877,-454.0
-18000,2192.78,-23.4836,-454.0
-17950,2188.46,-23.6441,-455.0
-17900,2183.88,-23.7273,-455.0
-17850,2178.93,-23.738,-456.0
-17800,2173.54,-23.5615,-456.0
-17750,2167.84,-23.231,-456.0
-17700,2162.05,-23.1403,-457.0
-17650,2156.35,-23.4372,-457.0
-17600,2150.47,-23.4035,-458.0
-17550,2144.46,-23.3965,-458.0
-17500,2138.1,-23.4672,-458.0
-17450,2131.88,-23.244,-459.0
-17400,2125.49,-22.941,-459.0
-17350,2119.2,-22.5812,-459.0
-17300,2112.98,-22.6336,-459.0
-17250,2107.15,-22.4776,-460.0
-17200,2101.35,-22.1335,-460.0
-17150,2095.82,-22.3716,-460.0
-17100,2090.55,-22.8263,-461.0
-17050,2085.0,-22.7698,-461.0
-17000,2079.09,-22.4009,-461.0
-16950,2072.83,-22.3661,-461.0
-16900,2066.88,-22.2562,-462.0
-16850,2061.02,-22.0758,-462.0
-16800,2055.41,-22.0438,-462.0
-16750,2050.13,-22.2559,-462.0
-16700,2044.81,-22.637,-462.0
-16650,2039.5,-22.3498,-463.0
-16600,2033.95,-21.9281,-463.0
-16550,2028.54,-22.1398,-463.0
-16500,2023.37,-22.3689,-463.0
-16450,2018.42,-22.5253,-463.0
-16400,2013.39,-22.4058,-463.0
-16350,2008.17,-22.1056,-464.0
-16300,2002.92,-22.269,-464.0
-16250,1997.87,-22.4687,-464.0
-16200,1992.76,-22.5372,-464.0
-16150,1987.74,-22.4725,-464.0
-16100,1982.8,-22.5609,-464.0
-16050,1977.8,-22.7391,-464.0
-16000,1972.68,-23.0313,-464.0
-15950,1967.47,-22.8323,-464.0
-15900,1962.18,-22.3519,-465.0
-15850,1956.61,-22.3724,-465.0
-15800,1951.25,-22.361,-465.0
-15750,1945.96,-22.2626,-465.0
-15700,1940.65,-22.6143,-465.0
-15650,1935.37,-23.1979,-465.0
-15600,1930.79,-22.8107,-465.0
-15550,1927.73,-22.5606,-465.0
-15500,1924.77,-22.9683,-465.0
-15450,1921.26,-22.8965,-465.0
-15400,1916.77,-22.4743,-465.0
-15350,1911.57,-22.4065,-465.0
-15300,1905.35,-22.0483,-465.0
-15250,1898.49,-22.0667,-465.0
-15200,1886.42,-22.4131,-465.0
-15150,1873.94,-22.2151,-465.0
-15100,1860.99,-22.1162,-465.0
-15050,1848.04,-22.0693,-465.0
-15000,1835.01,-22.013,-464.0
-14950,1822.01,-21.7648,-464.0
-14900,1808.99,-21.3372,-464.0
-14850,1795.67,-21.2296,-464.0
-14800,1782.3,-20.9743,-463.0
-14750,1768.37,-20.8935,-463.0
-14700,1754.13,-20.7094,-463.0
-14650,1739.52,-19.6027,-462.0
-14600,1724.79,-18.6475,-462.0
-14550,1710.02,-18.2902,-461.0
-14500,1695.34,-18.1981,-460.0
-14450,1679.87,-18.392,-460.0
-14400,1663.81,-18.4979,-459.0
-14350,1646.54,-18.4006,-459.0
-14300,1627.09,-18.3876,-458.0
-14250,1604.37,-18.4007,-457.0
-14200,1577.28,-18.4598,-456.0
-14150,1541.12,-18.4502,-455.0
-14100,1494.11,-18.3496,-454.0
-14050,1438.15,-18.5091,-453.0
-14000,1373.69,-18.7051,-452.0
-13950,1298.99,-18.3423,-451.0
-13900,1210.94,-17.5649,-450.0
-13850,1106.35,-16.8034,-449.0
-13800,977.643,-16.2788,-447.0
-13750,812.846,-15.8543,-446.0
-13700,572.386,-14.8429,-444.0
-13650,392.975,-14.0305,-443.0
-13600,94.3171,-14.272,-441.0
-13550,,-14.3999,-440.0
-13500,,-14.0966,-438.0
-13450,,-13.7957,-437.0
-13400,,-13.8207,-435.0
-13350,,-13.9291,-434.0
-13300,,-13.9222,-432.0
-13250,,-14.1089,-431.0
-13200,,-14.2344,-429.0
-13150,,-14.4849,-428.0
-13100,,-14.728,-426.0
-13050,,-14.9441,-425.0
-13000,,-14.952,-423.0
-12950,,-14.6634,-422.0
-12900,,-14.4972,-420.0
-12850,,-14.2257,-419.0
-12800,,-14.143,-418.0
-12750,,-14.3346,-416.0
-12700,,-14.6193,-415.0
-12650,,-14.9482,-413.0
-12600,,-15.4486,-412.0
-12550,,-15.5128,-411.0
-12500,,-15.3835,-409.0
-12450,,-15.3155,-408.0
-12400,,-15.0417,-407.0
-12350,,-15.1035,-405.0
-12300,,-15.2119,-404.0
-12250,,-15.2909,-403.0
-12200,,-15.2425,-402.0
-12150,,-15.0054,-400.0
-12100,,-14.9766,-399.0
-12050,,-15.2222,-398.0
-12000,,-15.3698,-396.0
-11950,,-15.0225,-395.0
-11900,,-14.827,-394.0
-11850,,-15.0972,-393.0
-11800,,-15.2056,-392.0
-11750,,-14.8827,-390.0
-11700,,-14.7339,-389.0
-11650,,-14.7328,-388.0
-11600,,-14.8066,-386.0
-11550,,-14.4541,-385.0
-11500,,-13.5405,-383.0
-11450,,-12.9454,-382.0
-11400,,-12.9996,-380.0
-11350,,-13.2573,-379.0
-11300,,-13.4144,-377.0
-11250,,-13.2187,-376.0
-11200,,-12.9176,-374.0
-11150,,-12.6387,-373.0
-11100,,-12.7149,-372.0
-11050,,-12.7177,-370.0
-11000,,-12.4951,-369.0
-10950,,-12.4364,-367.0
-10900,,-12.4365,-366.0
-10850,,-12.515,-365.0
-10800,,-12.5543,-363.0
-10750,,-12.3339,-362.0
-10700,,-12.0253,-361.0
-10650,,-11.8833,-360.0
-10600,,-11.6629,-358.0
-10550,,-11.6434,-357.0
-10500,,-11.6606,-356.0
-10450,,-11.4633,-355.0
-10400,,-11.5127,-353.0
-10350,,-11.6429,-352.0
-10300,,-11.6678,-351.0
-10250,,-11.5506,-350.0
-10200,,-11.5755,-349.0
-10150,,-11.4925,-348.0
-10100,,-11.2429,-346.0
-10050,,-11.2139,-345.0
-10000,,-11.229,-344.0
-9950,,-11.1534,-343.0
-9900,,-11.117,-342.0
-9850,,-11.1345,-341.0
-9800,,-11.1423,-340.0
-9750,,-11.0593,-339.0
-9700,,-10.9519,-338.0
-9650,,-11.0086,-337.0
-9600,,-11.0507,-335.0
-9550,,-11.0657,-334.0
-9500,,-11.0612,-333.0
-9450,,-11.1146,-332.0
-9400,,-11.1264,-331.0
-9350,,-11.0451,-330.0
-9300,,-11.1794,-329.0
-9250,,-11.353,-328.0
-9200,,-11.2079,-327.0
-9150,,-10.9673,-326.0
-9100,,-10.962,-326.0
-9050,,-11.1428,-325.0
-9000,,-11.1154,-324.0
-8950,,-10.9925,-323.0
-8900,,-10.9062,-322.0
-8850,,-10.8984,-321.0
-8800,,-11.0842,-320.0
-8750,,-11.1229,-319.0
-8700,,-11.0514,-318.0
-8650,,-11.127,-317.0
-8600,,-11.0579,-317.0
-8550,,-10.9594,-316.0
-8500,,-10.9957,-315.0
-8450,,-11.0124,-314.0
-8400,,-11.1443,-313.0
-8350,,-11.1267,-312.0
-8300,,-10.9988,-312.0
-8250,,-11.1723,-311.0
-8200,,-11.5124,-310.0
-8150,,-11.5438,-309.0
-8100,,-11.2199,-308.0
-8050,,-11.0063,-308.0
-8000,,-10.8809,-307.0
-7950,,-10.8595,-306.0
-7900,,-11.0464,-305.0
-7850,,-10.976,-305.0
-7800,,-10.7733,-304.0
-7750,,-10.8156,-303.0
-7700,,-10.8971,-302.0
-7650,,-10.8757,-302.0
-7600,,-10.8372,-301.0
-7550,,-10.9261,-300.0
-7500,,-10.9978,-300.0
-7450,,-10.9299,-299.0
-7400,,-10.9085,-298.0
-7350,,-10.9777,-298.0
-7300,,-11.096,-297.0
-7250,,-11.0771,-296.0
-7200,,-11.0557,-296.0
-7150,,-11.1054,-295.0
-7100,,-11.0766,-294.0
-7050,,-11.0724,-294.0
-7000,,-11.0486,-293.0
-6950,,-11.0443,-292.0
-6900,,-11.0303,-292.0
-6850,,-11.004,-291.0
-6800,,-11.0488,-291.0
-6750,,-11.0127,-290.0
-6700,,-10.9692,-289.0
-6650,,-10.9944,-289.0
-6600,,-10.9779,-288.0
-6550,,-11.0937,-288.0
-6500,,-11.114,-287.0
-6450,,-10.9355,-287.0
-6400,,-10.9603,-286.0
-6350,,-11.066,-285.0
-6300,,-11.1031,-285.0
-6250,,-11.1009,-284.0
-6200,,-11.1037,-284.0
-6150,,-11.0133,-283.0
-6100,,-11.0186,-283.0
-6050,,-11.1488,-282.0
-6000,,-11.1809,-282.0
-5950,,-11.1323,-281.0
-5900,,-10.9513,-281.0
-5850,,-10.9737,-280.0
-5800,,-11.072,-280.0
-5750,,-11.0551,-279.0
-5700,,-11.1706,-279.0
-5650,,-11.1415,-278.0
-5600,,-11.0757,-278.0
-5550,,-11.0466,-277.0
-5500,,-10.9833,-277.0
-5450,,-11.0154,-276.0
-5400,,-11.1284,-276.0
-5350,,-11.2096,-275.0
-5300,,-11.2271,-275.0
-5250,,-11.1564,-275.0
-5200,,-10.9901,-274.0
-5150,,-11.0639,-274.0
-5100,,-11.1231,-273.0
-5050,,-11.0694,-273.0
-5000,,-11.0869,-272.0
-4950,,-10.9989,-272.0
-4900,,-11.004,-272.0
-4850,,-11.1144,-271.0
-4800,,-11.0803,-271.0
-4750,,-11.0633,-270.0
-4700,,-11.1738,-270.0
-4650,,-11.196,-270.0
-4600,,-11.0492,-269.0
-4550,,-11.0812,-269.0
-4500,,-11.1304,-268.0
-4450,,-11.1281,-268.0
-4400,,-11.2386,-268.0
-4350,,-11.1555,-267.0
-4300,,-11.1777,-267.0
-4250,,-11.1779,-267.0
-4200,,-11.1217,-266.0
-4150,,-11.2689,-266.0
-4100,,-11.2838,-266.0
-4050,,-11.1565,-265.0
-4000,,-11.169,-265.0
-3950,,-11.2623,-264.0
-3900,,-11.2968,-264.0
-3850,,-11.2822,-264.0
-3800,,-11.2456,-263.0
-3750,,-11.1429,-263.0
-3700,,-11.0034,-263.0
-3650,,-11.1261,-263.0
-3600,,-11.2415,-262.0
-3550,,-11.2098,-262.0
-3500,,-11.2369,-262.0
-3450,,-11.1905,-261.0
-3400,,-11.1515,-261.0
-3350,,-11.2349,-261.0
-3300,,-11.2767,-260.0
-3250,,-11.2817,-260.0
-3200,,-11.2672,-260.0
-3150,,-11.2036,-259.0
-3100,,-11.2454,-259.0
-3050,,-11.2627,-259.0
-3000,,-11.1281,-259.0
-2950,,-11.1438,-258.0
-2900,,-11.2663,-258.0
-2850,,-11.2491,-258.0
-2800,,-11.1805,-258.0
-2750,,-11.2369,-257.0
-2700,,-11.3496,-257.0
-2650,,-11.3741,-257.0
-2600,,-11.3226,-256.0
-2550,,-11.3128,-256.0
-2500,,-11.4451,-256.0
-2450,,-11.3667,-256.0
-2400,,-11.232,-255.0
-2350,,-11.2467,-255.0
-2300,,-11.1658,-255.0
-2250,,-11.2491,-255.0
-2200,,-11.4525,-254.0
-2150,,-11.4182,-254.0
-2100,,-11.3006,-254.0
-2050,,-11.254,-254.0
-2000,,-11.232,-254.0
-1950,,-11.1487,-253.0
-1900,,-11.1879,-253.0
-1850,,-11.3765,-253.0
-1800,,-11.5064,-253.0
-1750,,-11.4549,-252.0
-1700,,-11.4451,-252.0
-1650,,-11.352,-252.0
-1600,,-11.2883,-252.0
-1550,,-11.4942,-252.0
-1500,,-11.4133,-251.0
-1450,,-11.2957,-251.0
-1400,,-11.2957,-251.0
-1350,,-11.3104,-251.0
-1300,,-11.3545,-251.0
-1250,,-11.3741,-250.0
-1200,,-11.4329,-250.0
-1150,,-11.4917,-250.0
-1100,,-11.3888,-250.0
-1050,,-11.2491,-250.0
-1000,,-11.3888,-249.0
-950,,-11.4598,-249.0
-900,,-11.4182,-249.0
-850,,-11.4991,-249.0
-800,,-11.4721,-249.0
-750,,-11.3986,-248.0
-700,,-11.4697,-248.0
-650,,-11.4549,-248.0
-600,,-11.3153,-248.0
-550,,-11.3496,-248.0
-500,,-11.4133,-248.0
-450,,-11.4304,-247.0
-400,,-11.4942,-247.0
-350,,-11.5726,-247.0
-300,,-11.575,-247.0
-250,,-11.4819,-247.0
-200,,-11.4378,-247.0
-150,,-11.3471,-246.0
-100,,-11.1952,-246.0
-50,,-11.2295,-246.0
0,,-10.9208,-246.0